Sweep step,Eigenmode,Job id,RPM,Eigenfrequencies
0,0,cdc28360-0a48-4d41-aa2a-ee72dcb540cd-00,0,98.87367101741822
0,1,cdc28360-0a48-4d41-aa2a-ee72dcb540cd-00,0,148.19390409665158
0,2,cdc28360-0a48-4d41-aa2a-ee72dcb540cd-00,0,618.6672239426936
0,3,cdc28360-0a48-4d41-aa2a-ee72dcb540cd-00,0,925.2205767871754
0,4,cdc28360-0a48-4d41-aa2a-ee72dcb540cd-00,0,1727.9882843774853
0,5,cdc28360-0a48-4d41-aa2a-ee72dcb540cd-00,0,2574.9922910764685
0,6,cdc28360-0a48-4d41-aa2a-ee72dcb540cd-00,0,3373.977576226526
0,7,cdc28360-0a48-4d41-aa2a-ee72dcb540cd-00,0,4254.477033875749
0,8,cdc28360-0a48-4d41-aa2a-ee72dcb540cd-00,0,5001.838269445383
0,9,cdc28360-0a48-4d41-aa2a-ee72dcb540cd-00,0,5551.8551373475575
0,10,cdc28360-0a48-4d41-aa2a-ee72dcb540cd-00,0,7644.201375120655
0,11,cdc28360-0a48-4d41-aa2a-ee72dcb540cd-00,0,8178.594444895899
0,12,cdc28360-0a48-4d41-aa2a-ee72dcb540cd-00,0,8247.975553055754
1,0,cdc28360-0a48-4d41-aa2a-ee72dcb540cd-01,172.41379310344828,99.45157497998152
1,1,cdc28360-0a48-4d41-aa2a-ee72dcb540cd-01,172.41379310344828,149.6721653398555
1,2,cdc28360-0a48-4d41-aa2a-ee72dcb540cd-01,172.41379310344828,620.3369344809618
1,3,cdc28360-0a48-4d41-aa2a-ee72dcb540cd-01,172.41379310344828,926.5113466378838
1,4,cdc28360-0a48-4d41-aa2a-ee72dcb540cd-01,172.41379310344828,1729.811291980359
1,5,cdc28360-0a48-4d41-aa2a-ee72dcb540cd-01,172.41379310344828,2576.2754515057472
1,6,cdc28360-0a48-4d41-aa2a-ee72dcb540cd-01,172.41379310344828,3375.9143746892714
1,7,cdc28360-0a48-4d41-aa2a-ee72dcb540cd-01,172.41379310344828,4254.497052372034
1,8,cdc28360-0a48-4d41-aa2a-ee72dcb540cd-01,172.41379310344828,5003.171531496641
1,9,cdc28360-0a48-4d41-aa2a-ee72dcb540cd-01,172.41379310344828,5553.859498118844
1,10,cdc28360-0a48-4d41-aa2a-ee72dcb540cd-01,172.41379310344828,7644.2605766155775
1,11,cdc28360-0a48-4d41-aa2a-ee72dcb540cd-01,172.41379310344828,8179.967007849191
1,12,cdc28360-0a48-4d41-aa2a-ee72dcb540cd-01,172.41379310344828,8250.028987661339
2,0,cdc28360-0a48-4d41-aa2a-ee72dcb540cd-02,344.82758620689657,101.15487498086317
2,1,cdc28360-0a48-4d41-aa2a-ee72dcb540cd-02,344.82758620689657,154.01871054172867
2,2,cdc28360-0a48-4d41-aa2a-ee72dcb540cd-02,344.82758620689657,625.3192448492179
2,3,cdc28360-0a48-4d41-aa2a-ee72dcb540cd-02,344.82758620689657,930.3727833785682
2,4,cdc28360-0a48-4d41-aa2a-ee72dcb540cd-02,344.82758620689657,1735.2660979859695
2,5,cdc28360-0a48-4d41-aa2a-ee72dcb540cd-02,344.82758620689657,2580.1204147153258
2,6,cdc28360-0a48-4d41-aa2a-ee72dcb540cd-02,344.82758620689657,3381.7151459142033
2,7,cdc28360-0a48-4d41-aa2a-ee72dcb540cd-02,344.82758620689657,4254.559111386034
2,8,cdc28360-0a48-4d41-aa2a-ee72dcb540cd-02,344.82758620689657,5007.16864960732
2,9,cdc28360-0a48-4d41-aa2a-ee72dcb540cd-02,344.82758620689657,5559.863862494938
2,10,cdc28360-0a48-4d41-aa2a-ee72dcb540cd-02,344.82758620689657,7644.445980434598
2,11,cdc28360-0a48-4d41-aa2a-ee72dcb540cd-02,344.82758620689657,8184.0828258866495
2,12,cdc28360-0a48-4d41-aa2a-ee72dcb540cd-02,344.82758620689657,8256.195325859026
3,0,cdc28360-0a48-4d41-aa2a-ee72dcb540cd-03,517.2413793103449,103.89855953828305
3,1,cdc28360-0a48-4d41-aa2a-ee72dcb540cd-03,517.2413793103449,160.9925640661157
3,2,cdc28360-0a48-4d41-aa2a-ee72dcb540cd-03,517.2413793103449,633.5357760386572
3,3,cdc28360-0a48-4d41-aa2a-ee72dcb540cd-03,517.2413793103449,936.7728602888518
3,4,cdc28360-0a48-4d41-aa2a-ee72dcb540cd-03,517.2413793103449,1744.3113942769542
3,5,cdc28360-0a48-4d41-aa2a-ee72dcb540cd-03,517.2413793103449,2586.513866210541
3,6,cdc28360-0a48-4d41-aa2a-ee72dcb540cd-03,517.2413793103449,3391.3521934475343
3,7,cdc28360-0a48-4d41-aa2a-ee72dcb540cd-03,517.2413793103449,4254.667466351213
3,8,cdc28360-0a48-4d41-aa2a-ee72dcb540cd-03,517.2413793103449,5013.821816988046
3,9,cdc28360-0a48-4d41-aa2a-ee72dcb540cd-03,517.2413793103449,5569.843769854989
3,10,cdc28360-0a48-4d41-aa2a-ee72dcb540cd-03,517.2413793103449,7644.774195186813
3,11,cdc28360-0a48-4d41-aa2a-ee72dcb540cd-03,517.2413793103449,8190.936470876355
3,12,cdc28360-0a48-4d41-aa2a-ee72dcb540cd-03,517.2413793103449,8266.488122888682
4,0,cdc28360-0a48-4d41-aa2a-ee72dcb540cd-04,689.6551724137931,107.5591253986023
4,1,cdc28360-0a48-4d41-aa2a-ee72dcb540cd-04,689.6551724137931,170.25776703810786
4,2,cdc28360-0a48-4d41-aa2a-ee72dcb540cd-04,689.6551724137931,644.862385355053
4,3,cdc28360-0a48-4d41-aa2a-ee72dcb540cd-04,689.6551724137931,945.6599409166381
4,4,cdc28360-0a48-4d41-aa2a-ee72dcb540cd-04,689.6551724137931,1756.8819497749616
4,5,cdc28360-0a48-4d41-aa2a-ee72dcb540cd-04,689.6551724137931,2595.4342539141685
4,6,cdc28360-0a48-4d41-aa2a-ee72dcb540cd-04,689.6551724137931,3404.7824707890363
4,7,cdc28360-0a48-4d41-aa2a-ee72dcb540cd-04,689.6551724137931,4254.825164680994
4,8,cdc28360-0a48-4d41-aa2a-ee72dcb540cd-04,689.6551724137931,5023.11851158195
4,9,cdc28360-0a48-4d41-aa2a-ee72dcb540cd-04,689.6551724137931,5583.762922746022
4,10,cdc28360-0a48-4d41-aa2a-ee72dcb540cd-04,689.6551724137931,7645.257131351786
4,11,cdc28360-0a48-4d41-aa2a-ee72dcb540cd-04,689.6551724137931,8200.519351522558
4,12,cdc28360-0a48-4d41-aa2a-ee72dcb540cd-04,689.6551724137931,8280.917946538502
5,0,cdc28360-0a48-4d41-aa2a-ee72dcb540cd-05,862.0689655172414,111.99455855074629
5,1,cdc28360-0a48-4d41-aa2a-ee72dcb540cd-05,862.0689655172414,181.44695716878823
5,2,cdc28360-0a48-4d41-aa2a-ee72dcb540cd-05,862.0689655172414,659.1375690575511
5,3,cdc28360-0a48-4d41-aa2a-ee72dcb540cd-05,862.0689655172414,956.9648458833154
5,4,cdc28360-0a48-4d41-aa2a-ee72dcb540cd-05,862.0689655172414,1772.8919983737783
5,5,cdc28360-0a48-4d41-aa2a-ee72dcb540cd-05,862.0689655172414,2606.8523728952114
5,6,cdc28360-0a48-4d41-aa2a-ee72dcb540cd-05,862.0689655172414,3421.9502889997493
5,7,cdc28360-0a48-4d41-aa2a-ee72dcb540cd-05,862.0689655172414,4255.032012497772
5,8,cdc28360-0a48-4d41-aa2a-ee72dcb540cd-05,862.0689655172414,5035.041838646009
5,9,cdc28360-0a48-4d41-aa2a-ee72dcb540cd-05,862.0689655172414,5601.576995480491
5,10,cdc28360-0a48-4d41-aa2a-ee72dcb540cd-05,862.0689655172414,7645.893849214186
5,11,cdc28360-0a48-4d41-aa2a-ee72dcb540cd-05,862.0689655172414,8212.820029577237
5,12,cdc28360-0a48-4d41-aa2a-ee72dcb540cd-05,862.0689655172414,8299.482219263988
6,0,cdc28360-0a48-4d41-aa2a-ee72dcb540cd-06,1034.4827586206898,117.06224713634883
6,1,cdc28360-0a48-4d41-aa2a-ee72dcb540cd-06,1034.4827586206898,194.20922968317547
6,2,cdc28360-0a48-4d41-aa2a-ee72dcb540cd-06,1034.4827586206898,676.1722287912908
6,3,cdc28360-0a48-4d41-aa2a-ee72dcb540cd-06,1034.4827586206898,970.603196728379
6,4,cdc28360-0a48-4d41-aa2a-ee72dcb540cd-06,1034.4827586206898,1792.2380041331824
6,5,cdc28360-0a48-4d41-aa2a-ee72dcb540cd-06,1034.4827586206898,2620.731836609739
6,6,cdc28360-0a48-4d41-aa2a-ee72dcb540cd-06,1034.4827586206898,3442.7890891584857
6,7,cdc28360-0a48-4d41-aa2a-ee72dcb540cd-06,1034.4827586206898,4255.285004711603
6,8,cdc28360-0a48-4d41-aa2a-ee72dcb540cd-06,1034.4827586206898,5049.570655679309
6,9,cdc28360-0a48-4d41-aa2a-ee72dcb540cd-06,1034.4827586206898,5623.235906590701
6,10,cdc28360-0a48-4d41-aa2a-ee72dcb540cd-06,1034.4827586206898,7646.672226948088
6,11,cdc28360-0a48-4d41-aa2a-ee72dcb540cd-06,1034.4827586206898,8227.824329728213
6,12,cdc28360-0a48-4d41-aa2a-ee72dcb540cd-06,1034.4827586206898,8322.15964941638
7,0,cdc28360-0a48-4d41-aa2a-ee72dcb540cd-07,1206.896551724138,122.63144977083618
7,1,cdc28360-0a48-4d41-aa2a-ee72dcb540cd-07,1206.896551724138,208.23615167845068
7,2,cdc28360-0a48-4d41-aa2a-ee72dcb540cd-07,1206.896551724138,695.7597012357115
7,3,cdc28360-0a48-4d41-aa2a-ee72dcb540cd-07,1206.896551724138,986.4780023001282
7,4,cdc28360-0a48-4d41-aa2a-ee72dcb540cd-07,1206.896551724138,1814.8009871130162
7,5,cdc28360-0a48-4d41-aa2a-ee72dcb540cd-07,1206.896551724138,2637.029490131489
7,6,cdc28360-0a48-4d41-aa2a-ee72dcb540cd-07,1206.896551724138,3467.2223553982963
7,7,cdc28360-0a48-4d41-aa2a-ee72dcb540cd-07,1206.896551724138,4255.580111431006
7,8,cdc28360-0a48-4d41-aa2a-ee72dcb540cd-07,1206.896551724138,5066.679563659106
7,9,cdc28360-0a48-4d41-aa2a-ee72dcb540cd-07,1206.896551724138,5648.684562580598
7,10,cdc28360-0a48-4d41-aa2a-ee72dcb540cd-07,1206.896551724138,7647.576153022138
7,11,cdc28360-0a48-4d41-aa2a-ee72dcb540cd-07,1206.896551724138,8245.51531272142
7,12,cdc28360-0a48-4d41-aa2a-ee72dcb540cd-07,1206.896551724138,8348.909661579202
8,0,cdc28360-0a48-4d41-aa2a-ee72dcb540cd-08,1379.3103448275863,128.58980962007806
8,1,cdc28360-0a48-4d41-aa2a-ee72dcb540cd-08,1379.3103448275863,223.27029865224418
8,2,cdc28360-0a48-4d41-aa2a-ee72dcb540cd-08,1379.3103448275863,717.6851474010333
8,3,cdc28360-0a48-4d41-aa2a-ee72dcb540cd-08,1379.3103448275863,1004.4824575662728
8,4,cdc28360-0a48-4d41-aa2a-ee72dcb540cd-08,1379.3103448275863,1840.4488972828428
8,5,cdc28360-0a48-4d41-aa2a-ee72dcb540cd-08,1379.3103448275863,2655.695868959579
8,6,cdc28360-0a48-4d41-aa2a-ee72dcb540cd-08,1379.3103448275863,3495.16417382225
8,7,cdc28360-0a48-4d41-aa2a-ee72dcb540cd-08,1379.3103448275863,4255.913793784805
8,8,cdc28360-0a48-4d41-aa2a-ee72dcb540cd-08,1379.3103448275863,5086.338910299057
8,9,cdc28360-0a48-4d41-aa2a-ee72dcb540cd-08,1379.3103448275863,5677.862773545794
8,10,cdc28360-0a48-4d41-aa2a-ee72dcb540cd-08,1379.3103448275863,7648.592260142424
8,11,cdc28360-0a48-4d41-aa2a-ee72dcb540cd-08,1379.3103448275863,8265.873230173554
8,12,cdc28360-0a48-4d41-aa2a-ee72dcb540cd-08,1379.3103448275863,8379.675064315074
9,0,cdc28360-0a48-4d41-aa2a-ee72dcb540cd-09,1551.7241379310346,134.84516779009255
9,1,cdc28360-0a48-4d41-aa2a-ee72dcb540cd-09,1551.7241379310346,239.1034723308246
9,2,cdc28360-0a48-4d41-aa2a-ee72dcb540cd-09,1551.7241379310346,741.7336479318327
9,3,cdc28360-0a48-4d41-aa2a-ee72dcb540cd-09,1551.7241379310346,1024.5028345347328
9,4,cdc28360-0a48-4d41-aa2a-ee72dcb540cd-09,1551.7241379310346,1869.0392828943275
9,5,cdc28360-0a48-4d41-aa2a-ee72dcb540cd-09,1551.7241379310346,2676.675758727084
9,6,cdc28360-0a48-4d41-aa2a-ee72dcb540cd-09,1551.7241379310346,3526.519846602551
9,7,cdc28360-0a48-4d41-aa2a-ee72dcb540cd-09,1551.7241379310346,4256.2837655855665
9,8,cdc28360-0a48-4d41-aa2a-ee72dcb540cd-09,1551.7241379310346,5108.514894450656
9,9,cdc28360-0a48-4d41-aa2a-ee72dcb540cd-09,1551.7241379310346,5710.704971225455
9,10,cdc28360-0a48-4d41-aa2a-ee72dcb540cd-09,1551.7241379310346,7649.713324784018
9,11,cdc28360-0a48-4d41-aa2a-ee72dcb540cd-09,1551.7241379310346,8288.875529180668
9,12,cdc28360-0a48-4d41-aa2a-ee72dcb540cd-09,1551.7241379310346,8414.38602123588
10,0,cdc28360-0a48-4d41-aa2a-ee72dcb540cd-10,1724.1379310344828,141.3244202525815
10,1,cdc28360-0a48-4d41-aa2a-ee72dcb540cd-10,1724.1379310344828,255.57031935662786
10,2,cdc28360-0a48-4d41-aa2a-ee72dcb540cd-10,1724.1379310344828,767.6966176940681
10,3,cdc28360-0a48-4d41-aa2a-ee72dcb540cd-10,1724.1379310344828,1046.4212852901142
10,4,cdc28360-0a48-4d41-aa2a-ee72dcb540cd-10,1724.1379310344828,1900.422187012982
10,5,cdc28360-0a48-4d41-aa2a-ee72dcb540cd-10,1724.1379310344828,2699.9088494970056
10,6,cdc28360-0a48-4d41-aa2a-ee72dcb540cd-10,1724.1379310344828,3561.1867202749972
10,7,cdc28360-0a48-4d41-aa2a-ee72dcb540cd-10,1724.1379310344828,4256.68900924519
10,8,cdc28360-0a48-4d41-aa2a-ee72dcb540cd-10,1724.1379310344828,5133.169781634773
10,9,cdc28360-0a48-4d41-aa2a-ee72dcb540cd-10,1724.1379310344828,5747.140038331185
10,10,cdc28360-0a48-4d41-aa2a-ee72dcb540cd-10,1724.1379310344828,7650.938517342471
10,11,cdc28360-0a48-4d41-aa2a-ee72dcb540cd-10,1724.1379310344828,8314.496913868401
10,12,cdc28360-0a48-4d41-aa2a-ee72dcb540cd-10,1724.1379310344828,8452.96404115186
11,0,cdc28360-0a48-4d41-aa2a-ee72dcb540cd-11,1896.5517241379312,147.97093414358605
11,1,cdc28360-0a48-4d41-aa2a-ee72dcb540cd-11,1896.5517241379312,272.54076253673327
11,2,cdc28360-0a48-4d41-aa2a-ee72dcb540cd-11,1896.5517241379312,795.3764426233836
11,3,cdc28360-0a48-4d41-aa2a-ee72dcb540cd-11,1896.5517241379312,1070.1183978079916
11,4,cdc28360-0a48-4d41-aa2a-ee72dcb540cd-11,1896.5517241379312,1934.4430723135154
11,5,cdc28360-0a48-4d41-aa2a-ee72dcb540cd-11,1896.5517241379312,2725.330453531572
11,6,cdc28360-0a48-4d41-aa2a-ee72dcb540cd-11,1896.5517241379312,3599.0552267166204
11,7,cdc28360-0a48-4d41-aa2a-ee72dcb540cd-11,1896.5517241379312,4257.129390732798
11,8,cdc28360-0a48-4d41-aa2a-ee72dcb540cd-11,1896.5517241379312,5160.262201334338
11,9,cdc28360-0a48-4d41-aa2a-ee72dcb540cd-11,1896.5517241379312,5787.091330447054
11,10,cdc28360-0a48-4d41-aa2a-ee72dcb540cd-11,1896.5517241379312,7652.271891571623
11,11,cdc28360-0a48-4d41-aa2a-ee72dcb540cd-11,1896.5517241379312,8342.709447257172
11,12,cdc28360-0a48-4d41-aa2a-ee72dcb540cd-11,1896.5517241379312,8495.325355041614
12,0,cdc28360-0a48-4d41-aa2a-ee72dcb540cd-12,2068.9655172413795,154.74154252759888
12,1,cdc28360-0a48-4d41-aa2a-ee72dcb540cd-12,2068.9655172413795,289.9128869730107
12,2,cdc28360-0a48-4d41-aa2a-ee72dcb540cd-12,2068.9655172413795,824.5894689865843
12,3,cdc28360-0a48-4d41-aa2a-ee72dcb540cd-12,2068.9655172413795,1095.4754054021882
12,4,cdc28360-0a48-4d41-aa2a-ee72dcb540cd-12,2068.9655172413795,1970.945582906062
12,5,cdc28360-0a48-4d41-aa2a-ee72dcb540cd-12,2068.9655172413795,2752.8722563338115
12,6,cdc28360-0a48-4d41-aa2a-ee72dcb540cd-12,2068.9655172413795,3640.010077732738
12,7,cdc28360-0a48-4d41-aa2a-ee72dcb540cd-12,2068.9655172413795,4257.605416850947
12,8,cdc28360-0a48-4d41-aa2a-ee72dcb540cd-12,2068.9655172413795,5189.747492172632
12,9,cdc28360-0a48-4d41-aa2a-ee72dcb540cd-12,2068.9655172413795,5830.476878622945
12,10,cdc28360-0a48-4d41-aa2a-ee72dcb540cd-12,2068.9655172413795,7653.720385104894
12,11,cdc28360-0a48-4d41-aa2a-ee72dcb540cd-12,2068.9655172413795,8373.482679046112
12,12,cdc28360-0a48-4d41-aa2a-ee72dcb540cd-12,2068.9655172413795,8541.383470793351
13,0,cdc28360-0a48-4d41-aa2a-ee72dcb540cd-13,2241.379310344828,161.60368147829212
13,1,cdc28360-0a48-4d41-aa2a-ee72dcb540cd-13,2241.379310344828,307.6068831108338
13,2,cdc28360-0a48-4d41-aa2a-ee72dcb540cd-13,2241.379310344828,855.1675908672303
13,3,cdc28360-0a48-4d41-aa2a-ee72dcb540cd-13,2241.379310344828,1122.375996417059
13,4,cdc28360-0a48-4d41-aa2a-ee72dcb540cd-13,2241.379310344828,2009.7739953125363
13,5,cdc28360-0a48-4d41-aa2a-ee72dcb540cd-13,2241.379310344828,2782.463066714302
13,6,cdc28360-0a48-4d41-aa2a-ee72dcb540cd-13,2241.379310344828,3683.9315305036607
13,7,cdc28360-0a48-4d41-aa2a-ee72dcb540cd-13,2241.379310344828,4258.117776091806
13,8,cdc28360-0a48-4d41-aa2a-ee72dcb540cd-13,2241.379310344828,5221.578060498833
13,9,cdc28360-0a48-4d41-aa2a-ee72dcb540cd-13,2241.379310344828,5877.209722973892
13,10,cdc28360-0a48-4d41-aa2a-ee72dcb540cd-13,2241.379310344828,7655.292070472672
13,11,cdc28360-0a48-4d41-aa2a-ee72dcb540cd-13,2241.379310344828,8406.783783803163
13,12,cdc28360-0a48-4d41-aa2a-ee72dcb540cd-13,2241.379310344828,8591.050909854
14,0,cdc28360-0a48-4d41-aa2a-ee72dcb540cd-14,2413.793103448276,168.53293830270107
14,1,cdc28360-0a48-4d41-aa2a-ee72dcb540cd-14,2413.793103448276,325.5601456969692
14,2,cdc28360-0a48-4d41-aa2a-ee72dcb540cd-14,2413.793103448276,886.9587633054485
14,3,cdc28360-0a48-4d41-aa2a-ee72dcb540cd-14,2413.793103448276,1150.707730881923
14,4,cdc28360-0a48-4d41-aa2a-ee72dcb540cd-14,2413.793103448276,2050.7752998225023
14,5,cdc28360-0a48-4d41-aa2a-ee72dcb540cd-14,2413.793103448276,2814.029550976541
14,6,cdc28360-0a48-4d41-aa2a-ee72dcb540cd-14,2413.793103448276,3730.696672958398
14,7,cdc28360-0a48-4d41-aa2a-ee72dcb540cd-14,2413.793103448276,4258.667203489843
14,8,cdc28360-0a48-4d41-aa2a-ee72dcb540cd-14,2413.793103448276,5255.7037402238075
14,9,cdc28360-0a48-4d41-aa2a-ee72dcb540cd-14,2413.793103448276,5927.198350055916
14,10,cdc28360-0a48-4d41-aa2a-ee72dcb540cd-14,2413.793103448276,7656.99493464951
14,11,cdc28360-0a48-4d41-aa2a-ee72dcb540cd-14,2413.793103448276,8442.577710093112
14,12,cdc28360-0a48-4d41-aa2a-ee72dcb540cd-14,2413.793103448276,8644.240257023816
15,0,cdc28360-0a48-4d41-aa2a-ee72dcb540cd-15,2586.206896551724,175.51105980600312
15,1,cdc28360-0a48-4d41-aa2a-ee72dcb540cd-15,2586.206896551724,343.72341147691856
15,2,cdc28360-0a48-4d41-aa2a-ee72dcb540cd-15,2586.206896551724,919.8267349819795
15,3,cdc28360-0a48-4d41-aa2a-ee72dcb540cd-15,2586.206896551724,1180.3630864319007
15,4,cdc28360-0a48-4d41-aa2a-ee72dcb540cd-15,2586.206896551724,2093.800882935233
15,5,cdc28360-0a48-4d41-aa2a-ee72dcb540cd-15,2586.206896551724,2847.496931214262
15,6,cdc28360-0a48-4d41-aa2a-ee72dcb540cd-15,2586.206896551724,3780.180673190176
15,7,cdc28360-0a48-4d41-aa2a-ee72dcb540cd-15,2586.206896551724,4259.2543786141
15,8,cdc28360-0a48-4d41-aa2a-ee72dcb540cd-15,2586.206896551724,5292.072141698573
15,9,cdc28360-0a48-4d41-aa2a-ee72dcb540cd-15,2586.206896551724,5980.34719529787
15,10,cdc28360-0a48-4d41-aa2a-ee72dcb540cd-15,2586.206896551724,7658.836196429105
15,11,cdc28360-0a48-4d41-aa2a-ee72dcb540cd-15,2586.206896551724,8480.827335736692
15,12,cdc28360-0a48-4d41-aa2a-ee72dcb540cd-15,2586.206896551724,8700.864684005872
16,0,cdc28360-0a48-4d41-aa2a-ee72dcb540cd-16,2758.6206896551726,182.52440237315983
16,1,cdc28360-0a48-4d41-aa2a-ee72dcb540cd-16,2758.6206896551726,362.05775958669375
16,2,cdc28360-0a48-4d41-aa2a-ee72dcb540cd-16,2758.6206896551726,953.6502657438372
16,3,cdc28360-0a48-4d41-aa2a-ee72dcb540cd-16,2758.6206896551726,1211.2401762814754
16,4,cdc28360-0a48-4d41-aa2a-ee72dcb540cd-16,2758.6206896551726,2138.7078240876904
16,5,cdc28360-0a48-4d41-aa2a-ee72dcb540cd-16,2758.6206896551726,2882.789635625526
16,6,cdc28360-0a48-4d41-aa2a-ee72dcb540cd-16,2758.6206896551726,3832.2579564894227
16,7,cdc28360-0a48-4d41-aa2a-ee72dcb540cd-16,2758.6206896551726,4259.879834710478
16,8,cdc28360-0a48-4d41-aa2a-ee72dcb540cd-16,2758.6206896551726,5330.628986095904
16,9,cdc28360-0a48-4d41-aa2a-ee72dcb540cd-16,2758.6206896551726,6036.557182380288
16,10,cdc28360-0a48-4d41-aa2a-ee72dcb540cd-16,2758.6206896551726,7660.822056325538
16,11,cdc28360-0a48-4d41-aa2a-ee72dcb540cd-16,2758.6206896551726,8521.493628104563
16,12,cdc28360-0a48-4d41-aa2a-ee72dcb540cd-16,2758.6206896551726,8760.838111001887
17,0,cdc28360-0a48-4d41-aa2a-ee72dcb540cd-17,2931.034482758621,189.56275398222078
17,1,cdc28360-0a48-4d41-aa2a-ee72dcb540cd-17,2931.034482758621,380.53229773711024
17,2,cdc28360-0a48-4d41-aa2a-ee72dcb540cd-17,2931.034482758621,988.3220396852456
17,3,cdc28360-0a48-4d41-aa2a-ee72dcb540cd-17,2931.034482758621,1243.2431903176607
17,4,cdc28360-0a48-4d41-aa2a-ee72dcb540cd-17,2931.034482758621,2185.359840847259
17,5,cdc28360-0a48-4d41-aa2a-ee72dcb540cd-17,2931.034482758621,2919.8318938224397
17,6,cdc28360-0a48-4d41-aa2a-ee72dcb540cd-17,2931.034482758621,3886.8032850039976
17,7,cdc28360-0a48-4d41-aa2a-ee72dcb540cd-17,2931.034482758621,4260.543980894359
17,8,cdc28360-0a48-4d41-aa2a-ee72dcb540cd-17,2931.034482758621,5371.318425955996
17,9,cdc28360-0a48-4d41-aa2a-ee72dcb540cd-17,2931.034482758621,6095.726273693029
17,10,cdc28360-0a48-4d41-aa2a-ee72dcb540cd-17,2931.034482758621,7662.957751494454
17,11,cdc28360-0a48-4d41-aa2a-ee72dcb540cd-17,2931.034482758621,8564.535809585952
17,12,cdc28360-0a48-4d41-aa2a-ee72dcb540cd-17,2931.034482758621,8824.075152523765
18,0,cdc28360-0a48-4d41-aa2a-ee72dcb540cd-18,3103.4482758620693,196.61844962031327
18,1,cdc28360-0a48-4d41-aa2a-ee72dcb540cd-18,3103.4482758620693,399.1223828166817
18,2,cdc28360-0a48-4d41-aa2a-ee72dcb540cd-18,3103.4482758620693,1023.7474255197778
18,3,cdc28360-0a48-4d41-aa2a-ee72dcb540cd-18,3103.4482758620693,1276.2826080073098
18,4,cdc28360-0a48-4d41-aa2a-ee72dcb540cd-18,3103.4482758620693,2233.6279225358408
18,5,cdc28360-0a48-4d41-aa2a-ee72dcb540cd-18,3103.4482758620693,2958.548270452166
18,6,cdc28360-0a48-4d41-aa2a-ee72dcb540cd-18,3103.4482758620693,3943.69271882959
18,7,cdc28360-0a48-4d41-aa2a-ee72dcb540cd-18,3103.4482758620693,4261.247108605162
18,8,cdc28360-0a48-4d41-aa2a-ee72dcb540cd-18,3103.4482758620693,5414.083350871722
18,9,cdc28360-0a48-4d41-aa2a-ee72dcb540cd-18,3103.4482758620693,6157.750001628848
18,10,cdc28360-0a48-4d41-aa2a-ee72dcb540cd-18,3103.4482758620693,7665.247807036785
18,11,cdc28360-0a48-4d41-aa2a-ee72dcb540cd-18,3103.4482758620693,8609.9115256376
18,12,cdc28360-0a48-4d41-aa2a-ee72dcb540cd-18,3103.4482758620693,8890.490957151718
19,0,cdc28360-0a48-4d41-aa2a-ee72dcb540cd-19,3275.862068965517,203.68571545550103
19,1,cdc28360-0a48-4d41-aa2a-ee72dcb540cd-19,3275.862068965517,417.80825235282265
19,2,cdc28360-0a48-4d41-aa2a-ee72dcb540cd-19,3275.862068965517,1059.8431946487706
19,3,cdc28360-0a48-4d41-aa2a-ee72dcb540cd-19,3275.862068965517,1310.2752312187088
19,4,cdc28360-0a48-4d41-aa2a-ee72dcb540cd-19,3275.862068965517,2283.3907001683756
19,5,cdc28360-0a48-4d41-aa2a-ee72dcb540cd-19,3275.862068965517,2998.864135254118
19,6,cdc28360-0a48-4d41-aa2a-ee72dcb540cd-19,3275.862068965517,4002.804446689668
19,7,cdc28360-0a48-4d41-aa2a-ee72dcb540cd-19,3275.862068965517,4261.989419450955
19,8,cdc28360-0a48-4d41-aa2a-ee72dcb540cd-19,3275.862068965517,5458.865679128951
19,9,cdc28360-0a48-4d41-aa2a-ee72dcb540cd-19,3275.862068965517,6222.521953033599
19,10,cdc28360-0a48-4d41-aa2a-ee72dcb540cd-19,3275.862068965517,7667.696408057495
19,11,cdc28360-0a48-4d41-aa2a-ee72dcb540cd-19,3275.862068965517,8657.577014287994
19,12,cdc28360-0a48-4d41-aa2a-ee72dcb540cd-19,3275.862068965517,8960.001021068882
20,0,cdc28360-0a48-4d41-aa2a-ee72dcb540cd-20,3448.2758620689656,210.76018395062832
20,1,cdc28360-0a48-4d41-aa2a-ee72dcb540cd-20,3448.2758620689656,436.5739708242164
20,2,cdc28360-0a48-4d41-aa2a-ee72dcb540cd-20,3448.2758620689656,1096.5362666136657
20,3,cdc28360-0a48-4d41-aa2a-ee72dcb540cd-20,3448.2758620689656,1345.1440796537368
20,4,cdc28360-0a48-4d41-aa2a-ee72dcb540cd-20,3448.2758620689656,2334.5345989978764
20,5,cdc28360-0a48-4d41-aa2a-ee72dcb540cd-20,3448.2758620689656,3040.706069398582
20,6,cdc28360-0a48-4d41-aa2a-ee72dcb540cd-20,3448.2758620689656,4064.019471355718
20,7,cdc28360-0a48-4d41-aa2a-ee72dcb540cd-20,3448.2758620689656,4262.771076183203
20,8,cdc28360-0a48-4d41-aa2a-ee72dcb540cd-20,3448.2758620689656,5505.606635230609
20,9,cdc28360-0a48-4d41-aa2a-ee72dcb540cd-20,3448.2758620689656,6289.934175445893
20,10,cdc28360-0a48-4d41-aa2a-ee72dcb540cd-20,3448.2758620689656,7670.3078510273635
20,11,cdc28360-0a48-4d41-aa2a-ee72dcb540cd-20,3448.2758620689656,8707.48727547938
20,12,cdc28360-0a48-4d41-aa2a-ee72dcb540cd-20,3448.2758620689656,9032.521025537211
21,0,cdc28360-0a48-4d41-aa2a-ee72dcb540cd-21,3620.689655172414,217.83853879059532
21,1,cdc28360-0a48-4d41-aa2a-ee72dcb540cd-21,3620.689655172414,455.40661640554237
21,2,cdc28360-0a48-4d41-aa2a-ee72dcb540cd-21,3620.689655172414,1133.7625264978608
21,3,cdc28360-0a48-4d41-aa2a-ee72dcb540cd-21,3620.689655172414,1380.8181851991797
21,4,cdc28360-0a48-4d41-aa2a-ee72dcb540cd-21,3620.689655172414,2386.9538172141215
21,5,cdc28360-0a48-4d41-aa2a-ee72dcb540cd-21,3620.689655172414,3084.00220948681
21,6,cdc28360-0a48-4d41-aa2a-ee72dcb540cd-21,3620.689655172414,4127.222095901965
21,7,cdc28360-0a48-4d41-aa2a-ee72dcb540cd-21,3620.689655172414,4263.592302081917
21,8,cdc28360-0a48-4d41-aa2a-ee72dcb540cd-21,3620.689655172414,5554.247012521475
21,9,cdc28360-0a48-4d41-aa2a-ee72dcb540cd-21,3620.689655172414,6359.877469191869
21,10,cdc28360-0a48-4d41-aa2a-ee72dcb540cd-21,3620.689655172414,7673.087063810462
21,11,cdc28360-0a48-4d41-aa2a-ee72dcb540cd-21,3620.689655172414,8759.59623843547
21,12,cdc28360-0a48-4d41-aa2a-ee72dcb540cd-21,3620.689655172414,9107.966724775095
22,0,cdc28360-0a48-4d41-aa2a-ee72dcb540cd-22,3793.1034482758623,224.9182484444968
22,1,cdc28360-0a48-4d41-aa2a-ee72dcb540cd-22,3793.1034482758623,474.29565134979134
22,2,cdc28360-0a48-4d41-aa2a-ee72dcb540cd-22,3793.1034482758623,1171.465737206602
22,3,cdc28360-0a48-4d41-aa2a-ee72dcb540cd-22,3793.1034482758623,1417.2323169470742
22,4,cdc28360-0a48-4d41-aa2a-ee72dcb540cd-22,3793.1034482758623,2440.550170917102
22,5,cdc28360-0a48-4d41-aa2a-ee72dcb540cd-22,3793.1034482758623,3128.682533229187
22,6,cdc28360-0a48-4d41-aa2a-ee72dcb540cd-22,3793.1034482758623,4192.299752746307
22,7,cdc28360-0a48-4d41-aa2a-ee72dcb540cd-22,3793.1034482758623,4264.454060564363
22,8,cdc28360-0a48-4d41-aa2a-ee72dcb540cd-22,3793.1034482758623,5604.727421032013
22,9,cdc28360-0a48-4d41-aa2a-ee72dcb540cd-22,3793.1034482758623,6432.241519498709
22,10,cdc28360-0a48-4d41-aa2a-ee72dcb540cd-22,3793.1034482758623,7676.040213893232
22,11,cdc28360-0a48-4d41-aa2a-ee72dcb540cd-22,3793.1034482758623,8813.856926480905
22,12,cdc28360-0a48-4d41-aa2a-ee72dcb540cd-22,3793.1034482758623,9186.253897196595
23,0,cdc28360-0a48-4d41-aa2a-ee72dcb540cd-23,3965.5172413793107,231.99737286201287
23,1,cdc28360-0a48-4d41-aa2a-ee72dcb540cd-23,3965.5172413793107,493.23243293685425
23,2,cdc28360-0a48-4d41-aa2a-ee72dcb540cd-23,3965.5172413793107,1209.5965564588416
23,3,cdc28360-0a48-4d41-aa2a-ee72dcb540cd-23,3965.5172413793107,1454.3266604009962
23,4,cdc28360-0a48-4d41-aa2a-ee72dcb540cd-23,3965.5172413793107,2495.232838430918
23,5,cdc28360-0a48-4d41-aa2a-ee72dcb540cd-23,3965.5172413793107,3174.6790895908853
23,6,cdc28360-0a48-4d41-aa2a-ee72dcb540cd-23,3965.5172413793107,4259.101974905651
23,7,cdc28360-0a48-4d41-aa2a-ee72dcb540cd-23,3965.5172413793107,4265.3994320821075
23,8,cdc28360-0a48-4d41-aa2a-ee72dcb540cd-23,3965.5172413793107,5656.988518577502
23,9,cdc28360-0a48-4d41-aa2a-ee72dcb540cd-23,3965.5172413793107,6506.914804120932
23,10,cdc28360-0a48-4d41-aa2a-ee72dcb540cd-23,3965.5172413793107,7679.175455447407
23,11,cdc28360-0a48-4d41-aa2a-ee72dcb540cd-23,3965.5172413793107,8870.221617151292
23,12,cdc28360-0a48-4d41-aa2a-ee72dcb540cd-23,3965.5172413793107,9267.298357381578
24,0,cdc28360-0a48-4d41-aa2a-ee72dcb540cd-24,4137.931034482759,239.0744183215778
24,1,cdc28360-0a48-4d41-aa2a-ee72dcb540cd-24,4137.931034482759,512.2098321408707
24,2,cdc28360-0a48-4d41-aa2a-ee72dcb540cd-24,4137.931034482759,1248.1116604357483
24,3,cdc28360-0a48-4d41-aa2a-ee72dcb540cd-24,4137.931034482759,1492.0464714875914
24,4,cdc28360-0a48-4d41-aa2a-ee72dcb540cd-24,4137.931034482759,2550.918033968688
24,5,cdc28360-0a48-4d41-aa2a-ee72dcb540cd-24,4137.931034482759,3221.9261789008287
24,6,cdc28360-0a48-4d41-aa2a-ee72dcb540cd-24,4137.931034482759,4266.281108181022
24,7,cdc28360-0a48-4d41-aa2a-ee72dcb540cd-24,4137.931034482759,4327.673169677074
24,8,cdc28360-0a48-4d41-aa2a-ee72dcb540cd-24,4137.931034482759,5710.971225136546
24,9,cdc28360-0a48-4d41-aa2a-ee72dcb540cd-24,4137.931034482759,6583.784179651295
24,10,cdc28360-0a48-4d41-aa2a-ee72dcb540cd-24,4137.931034482759,7682.503908872495
24,11,cdc28360-0a48-4d41-aa2a-ee72dcb540cd-24,4137.931034482759,8928.641997448049
24,12,cdc28360-0a48-4d41-aa2a-ee72dcb540cd-24,4137.931034482759,9351.016022915674
25,0,cdc28360-0a48-4d41-aa2a-ee72dcb540cd-25,4310.344827586207,246.14822995262452
25,1,cdc28360-0a48-4d41-aa2a-ee72dcb540cd-25,4310.344827586207,531.2219350168094
25,2,cdc28360-0a48-4d41-aa2a-ee72dcb540cd-25,4310.344827586207,1286.9729695585193
25,3,cdc28360-0a48-4d41-aa2a-ee72dcb540cd-25,4310.344827586207,1530.3417199084458
25,4,cdc28360-0a48-4d41-aa2a-ee72dcb540cd-25,4310.344827586207,2607.528634101498
25,5,cdc28360-0a48-4d41-aa2a-ee72dcb540cd-25,4310.344827586207,3270.360487456176
25,6,cdc28360-0a48-4d41-aa2a-ee72dcb540cd-25,4310.344827586207,4267.260634293264
25,7,cdc28360-0a48-4d41-aa2a-ee72dcb540cd-25,4310.344827586207,4397.753547355912
25,8,cdc28360-0a48-4d41-aa2a-ee72dcb540cd-25,4310.344827586207,5766.616919528031
25,9,cdc28360-0a48-4d41-aa2a-ee72dcb540cd-25,4310.344827586207,6662.733989860455
25,10,cdc28360-0a48-4d41-aa2a-ee72dcb540cd-25,4310.344827586207,7686.041030933694
25,11,cdc28360-0a48-4d41-aa2a-ee72dcb540cd-25,4310.344827586207,8989.06931307466
25,12,cdc28360-0a48-4d41-aa2a-ee72dcb540cd-25,4310.344827586207,9437.323027440065
26,0,cdc28360-0a48-4d41-aa2a-ee72dcb540cd-26,4482.758620689656,253.21790989428698
26,1,cdc28360-0a48-4d41-aa2a-ee72dcb540cd-26,4482.758620689656,550.2638080537531
26,2,cdc28360-0a48-4d41-aa2a-ee72dcb540cd-26,4482.758620689656,1326.1469688521304
26,3,cdc28360-0a48-4d41-aa2a-ee72dcb540cd-26,4482.758620689656,1569.1667329822264
26,4,cdc28360-0a48-4d41-aa2a-ee72dcb540cd-26,4482.758620689656,2664.993775872908
26,5,cdc28360-0a48-4d41-aa2a-ee72dcb540cd-26,4482.758620689656,3319.921181451024
26,6,cdc28360-0a48-4d41-aa2a-ee72dcb540cd-26,4482.758620689656,4268.277073510209
26,7,cdc28360-0a48-4d41-aa2a-ee72dcb540cd-26,4482.758620689656,4469.31053304667
26,8,cdc28360-0a48-4d41-aa2a-ee72dcb540cd-26,4482.758620689656,5823.86761782893
26,9,cdc28360-0a48-4d41-aa2a-ee72dcb540cd-26,4482.758620689656,6743.644429677326
26,10,cdc28360-0a48-4d41-aa2a-ee72dcb540cd-26,4482.758620689656,7689.808646644596
26,11,cdc28360-0a48-4d41-aa2a-ee72dcb540cd-26,4482.758620689656,9051.454511007636
26,12,cdc28360-0a48-4d41-aa2a-ee72dcb540cd-26,4482.758620689656,9526.13586575371
27,0,cdc28360-0a48-4d41-aa2a-ee72dcb540cd-27,4655.172413793103,260.2827586006994
27,1,cdc28360-0a48-4d41-aa2a-ee72dcb540cd-27,4655.172413793103,569.3313129103576
27,2,cdc28360-0a48-4d41-aa2a-ee72dcb540cd-27,4655.172413793103,1365.6041167332103
27,3,cdc28360-0a48-4d41-aa2a-ee72dcb540cd-27,4655.172413793103,1608.4798491214165
27,4,cdc28360-0a48-4d41-aa2a-ee72dcb540cd-27,4655.172413793103,2723.2484443479725
27,5,cdc28360-0a48-4d41-aa2a-ee72dcb540cd-27,4655.172413793103,3370.549966379608
27,6,cdc28360-0a48-4d41-aa2a-ee72dcb540cd-27,4655.172413793103,4269.331786848914
27,7,cdc28360-0a48-4d41-aa2a-ee72dcb540cd-27,4655.172413793103,4542.254077662695
27,8,cdc28360-0a48-4d41-aa2a-ee72dcb540cd-27,4655.172413793103,5882.666134558269
27,9,cdc28360-0a48-4d41-aa2a-ee72dcb540cd-27,4655.172413793103,6826.388696135241
27,10,cdc28360-0a48-4d41-aa2a-ee72dcb540cd-27,4655.172413793103,7693.838120859014
27,11,cdc28360-0a48-4d41-aa2a-ee72dcb540cd-27,4655.172413793103,9115.748376114809
27,12,cdc28360-0a48-4d41-aa2a-ee72dcb540cd-27,4655.172413793103,9617.371564536967
28,0,cdc28360-0a48-4d41-aa2a-ee72dcb540cd-28,4827.586206896552,267.3422265697141
28,1,cdc28360-0a48-4d41-aa2a-ee72dcb540cd-28,4827.586206896552,588.4209592835191
28,2,cdc28360-0a48-4d41-aa2a-ee72dcb540cd-28,4827.586206896552,1405.3183277542528
28,3,cdc28360-0a48-4d41-aa2a-ee72dcb540cd-28,4827.586206896552,1648.2430836915553
28,4,cdc28360-0a48-4d41-aa2a-ee72dcb540cd-28,4827.586206896552,2782.2330554305345
28,5,cdc28360-0a48-4d41-aa2a-ee72dcb540cd-28,4827.586206896552,3422.1911136689682
28,6,cdc28360-0a48-4d41-aa2a-ee72dcb540cd-28,4827.586206896552,4270.4249185903445
28,7,cdc28360-0a48-4d41-aa2a-ee72dcb540cd-28,4827.586206896552,4616.500063201528
28,8,cdc28360-0a48-4d41-aa2a-ee72dcb540cd-28,4827.586206896552,5942.956224064604
28,9,cdc28360-0a48-4d41-aa2a-ee72dcb540cd-28,4827.586206896552,6910.828044559108
28,10,cdc28360-0a48-4d41-aa2a-ee72dcb540cd-28,4827.586206896552,7698.175553790721
28,11,cdc28360-0a48-4d41-aa2a-ee72dcb540cd-28,4827.586206896552,9181.901657812978
28,12,cdc28360-0a48-4d41-aa2a-ee72dcb540cd-28,4827.586206896552,9710.947858255602
29,0,cdc28360-0a48-4d41-aa2a-ee72dcb540cd-29,5000,274.39588123195915
29,1,cdc28360-0a48-4d41-aa2a-ee72dcb540cd-29,5000,607.5297876887344
29,2,cdc28360-0a48-4d41-aa2a-ee72dcb540cd-29,5000,1445.2665255673128
29,3,cdc28360-0a48-4d41-aa2a-ee72dcb540cd-29,5000,1688.421813321763
29,4,cdc28360-0a48-4d41-aa2a-ee72dcb540cd-29,5000,2841.8930478538678
29,5,cdc28360-0a48-4d41-aa2a-ee72dcb540cd-29,5000,3474.7914614957194
29,6,cdc28360-0a48-4d41-aa2a-ee72dcb540cd-29,5000,4271.556377923602
29,7,cdc28360-0a48-4d41-aa2a-ee72dcb540cd-29,5000,4691.969222330198
29,8,cdc28360-0a48-4d41-aa2a-ee72dcb540cd-29,5000,6004.682704815564
29,9,cdc28360-0a48-4d41-aa2a-ee72dcb540cd-29,5000,6996.803044079774
29,10,cdc28360-0a48-4d41-aa2a-ee72dcb540cd-29,5000,7702.890718739967
29,11,cdc28360-0a48-4d41-aa2a-ee72dcb540cd-29,5000,9249.865191431832
29,12,cdc28360-0a48-4d41-aa2a-ee72dcb540cd-29,5000,9806.783379042674
