Sweep step,Time,Job id,NNM-0,Iter ,Predictor-0
0,160.7488301552879,f5bd22f4-0fbb-42c7-b35f-8112e8a81dd5,0.00013238579894213622,-,-
0,160.7522410576577,f5bd22f4-0fbb-42c7-b35f-8112e8a81dd5,0.00026477135433345983,7,-
0,160.7568326376052,f5bd22f4-0fbb-42c7-b35f-8112e8a81dd5,-,-,0.0004479626808081904
0,160.75693814761456,f5bd22f4-0fbb-42c7-b35f-8112e8a81dd5,0.00040822159425081913,9,-
0,160.75918309334992,f5bd22f4-0fbb-42c7-b35f-8112e8a81dd5,-,-,0.00047680680372297086
0,160.7592092245827,f5bd22f4-0fbb-42c7-b35f-8112e8a81dd5,0.0004618702558338407,5,-
0,160.761931031169,f5bd22f4-0fbb-42c7-b35f-8112e8a81dd5,-,-,0.0005261665238259709
0,160.7619405569033,f5bd22f4-0fbb-42c7-b35f-8112e8a81dd5,0.000519099630352968,3,-
0,160.76521752539728,f5bd22f4-0fbb-42c7-b35f-8112e8a81dd5,-,-,0.0005877617975382586
0,160.76522618734688,f5bd22f4-0fbb-42c7-b35f-8112e8a81dd5,0.0005805162325828683,9,-
0,160.76916839399604,f5bd22f4-0fbb-42c7-b35f-8112e8a81dd5,-,-,0.0006542061112168553
0,160.76917642342212,f5bd22f4-0fbb-42c7-b35f-8112e8a81dd5,0.000646680971747509,9,-
0,160.7739162106804,f5bd22f4-0fbb-42c7-b35f-8112e8a81dd5,-,-,0.0007260704441209231
0,160.7739237537896,f5bd22f4-0fbb-42c7-b35f-8112e8a81dd5,0.0007181783088370885,4,-
0,160.77962009937602,f5bd22f4-0fbb-42c7-b35f-8112e8a81dd5,-,-,0.0008039683275337628
0,160.77962726708066,f5bd22f4-0fbb-42c7-b35f-8112e8a81dd5,0.0007956272942623014,6,-
0,160.78647106437958,f5bd22f4-0fbb-42c7-b35f-8112e8a81dd5,-,-,0.000888560392712244
0,160.78647793809725,f5bd22f4-0fbb-42c7-b35f-8112e8a81dd5,0.0008796887887407091,3,-
0,160.79469834925786,f5bd22f4-0fbb-42c7-b35f-8112e8a81dd5,-,-,0.0009805577467974207
0,160.79470498932199,f5bd22f4-0fbb-42c7-b35f-8112e8a81dd5,0.0009710737303107146,4,-
0,160.79865382394877,f5bd22f4-0fbb-42c7-b35f-8112e8a81dd5,-,-,0.0010149368405019763
0,160.79865566612307,f5bd22f4-0fbb-42c7-b35f-8112e8a81dd5,0.0010120302600100206,2,-
0,160.8033964050136,f5bd22f4-0fbb-42c7-b35f-8112e8a81dd5,-,-,0.0010611773376983484
0,160.80339763269157,f5bd22f4-0fbb-42c7-b35f-8112e8a81dd5,0.001059101950889404,2,-
0,160.80908796139792,f5bd22f4-0fbb-42c7-b35f-8112e8a81dd5,-,-,0.001115587673707265
0,160.8090894394422,f5bd22f4-0fbb-42c7-b35f-8112e8a81dd5,0.0011129782014816553,2,-
0,160.81591956651238,f5bd22f4-0fbb-42c7-b35f-8112e8a81dd5,-,-,0.0011776293152251168
0,160.8159213165776,f5bd22f4-0fbb-42c7-b35f-8112e8a81dd5,0.0011743889865937682,2,-
0,160.8241195165011,f5bd22f4-0fbb-42c7-b35f-8112e8a81dd5,-,-,0.00124808145582052
0,160.82412155515792,f5bd22f4-0fbb-42c7-b35f-8112e8a81dd5,0.001244106570631738,2,-
0,160.83396177546481,f5bd22f4-0fbb-42c7-b35f-8112e8a81dd5,-,-,0.0013277671124355974
0,160.8339641129013,f5bd22f4-0fbb-42c7-b35f-8112e8a81dd5,0.0013229486474609358,2,-
0,160.84577510140568,f5bd22f4-0fbb-42c7-b35f-8112e8a81dd5,-,-,0.001417558495055149
0,160.84577774102982,f5bd22f4-0fbb-42c7-b35f-8112e8a81dd5,0.001411783447537725,4,-
0,160.85995399773066,f5bd22f4-0fbb-42c7-b35f-8112e8a81dd5,-,-,0.0015183845475644918
0,160.85995693663327,f5bd22f4-0fbb-42c7-b35f-8112e8a81dd5,0.0015115362426268632,4,-
0,160.8769718575991,f5bd22f4-0fbb-42c7-b35f-8112e8a81dd5,-,-,0.0016312388079784302
0,160.87697508535197,f5bd22f4-0fbb-42c7-b35f-8112e8a81dd5,0.0016231978609301328,3,-
0,160.8973967337061,f5bd22f4-0fbb-42c7-b35f-8112e8a81dd5,-,-,0.0017571909507977785
0,160.89740023654588,f5bd22f4-0fbb-42c7-b35f-8112e8a81dd5,0.0017478344174672773,5,-
0,160.92191027122644,f5bd22f4-0fbb-42c7-b35f-8112e8a81dd5,-,-,0.00189739739120076
0,160.92191403102828,f5bd22f4-0fbb-42c7-b35f-8112e8a81dd5,0.0018865986923587536,3,-
0,160.95133042154256,f5bd22f4-0fbb-42c7-b35f-8112e8a81dd5,-,-,0.002053114900550664
0,160.95133441752512,f5bd22f4-0fbb-42c7-b35f-8112e8a81dd5,0.002040742772817329,4,-
0,160.98663870320783,f5bd22f4-0fbb-42c7-b35f-8112e8a81dd5,-,-,0.0022257147364706203
0,160.9866429134043,f5bd22f4-0fbb-42c7-b35f-8112e8a81dd5,0.0022116311631775448,3,-
0,161.02901291616485,f5bd22f4-0fbb-42c7-b35f-8112e8a81dd5,-,-,0.0024166963013788987
0,161.0290173181184,f5bd22f4-0fbb-42c7-b35f-8112e8a81dd5,0.002400755787119561,3,-
0,161.07986639852575,f5bd22f4-0fbb-42c7-b35f-8112e8a81dd5,-,-,0.002627704420499454
0,161.07987097039145,f5bd22f4-0fbb-42c7-b35f-8112e8a81dd5,0.002609751267054675,3,-
0,161.1408951361925,f5bd22f4-0fbb-42c7-b35f-8112e8a81dd5,-,-,0.0028605449580980094
0,161.14089985712127,f5bd22f4-0fbb-42c7-b35f-8112e8a81dd5,0.002840412161731677,4,-
0,161.21413429389366,f5bd22f4-0fbb-42c7-b35f-8112e8a81dd5,-,-,0.003117204380077558
0,161.21413914453652,f5bd22f4-0fbb-42c7-b35f-8112e8a81dd5,0.003094710922158871,3,-
0,161.3020260530567,f5bd22f4-0fbb-42c7-b35f-8112e8a81dd5,-,-,0.0033998686167099348
0,161.302031015772,f5bd22f4-0fbb-42c7-b35f-8112e8a81dd5,0.003374818045202498,3,-
0,161.4075010169867,f5bd22f4-0fbb-42c7-b35f-8112e8a81dd5,-,-,0.00371094582030692
0,161.40750607598358,f5bd22f4-0fbb-42c7-b35f-8112e8a81dd5,0.0036831236606707407,3,-
0,161.53407589720297,f5bd22f4-0fbb-42c7-b35f-8112e8a81dd5,-,-,0.004053089673134279
0,161.53408103840817,f5bd22f4-0fbb-42c7-b35f-8112e8a81dd5,0.004022262111353026,3,-
0,161.68597073654308,f5bd22f4-0fbb-42c7-b35f-8112e8a81dd5,-,-,0.004429227574554195
0,161.6859759476393,f5bd22f4-0fbb-42c7-b35f-8112e8a81dd5,0.0043951388091102465,3,-
0,161.86824957714097,f5bd22f4-0fbb-42c7-b35f-8112e8a81dd5,-,-,0.004842590220838679
0,161.86825484739643,f5bd22f4-0fbb-42c7-b35f-8112e8a81dd5,0.004804960793878375,3,-
0,162.0869892615714,f5bd22f4-0fbb-42c7-b35f-8112e8a81dd5,-,-,0.005296746604492264
0,162.08699458168257,f5bd22f4-0fbb-42c7-b35f-8112e8a81dd5,0.0052552714593393016,3,-
0,162.34948199409843,f5bd22f4-0fbb-42c7-b35f-8112e8a81dd5,-,-,0.005795643744017646
0,162.34948735606437,f5bd22f4-0fbb-42c7-b35f-8112e8a81dd5,0.0057499900160377995,3,-
0,162.66447841409783,f5bd22f4-0fbb-42c7-b35f-8112e8a81dd5,-,-,0.006343651834939775
0,162.66448381102356,f5bd22f4-0fbb-42c7-b35f-8112e8a81dd5,0.006293457392760758,3,-
0,163.04247928388745,f5bd22f4-0fbb-42c7-b35f-8112e8a81dd5,-,-,0.006945617869208171
0,163.0424847098643,f5bd22f4-0fbb-42c7-b35f-8112e8a81dd5,0.006890489196777259,3,-
0,163.49608551411583,f5bd22f4-0fbb-42c7-b35f-8112e8a81dd5,-,-,0.0076069270780703795
0,163.4960909640566,f5bd22f4-0fbb-42c7-b35f-8112e8a81dd5,0.00754643801026486,3,-
0,164.04041819401897,f5bd22f4-0fbb-42c7-b35f-8112e8a81dd5,-,-,0.00833357642158058
0,164.04042366351752,f5bd22f4-0fbb-42c7-b35f-8112e8a81dd5,0.008267266943451323,3,-
0,164.69362262763522,f5bd22f4-0fbb-42c7-b35f-8112e8a81dd5,-,-,0.009132261661664021
0,164.69362811284648,f5bd22f4-0fbb-42c7-b35f-8112e8a81dd5,0.009059637175214021,3,-
0,165.47747317717966,f5bd22f4-0fbb-42c7-b35f-8112e8a81dd5,-,-,0.01001048168407175
0,165.4774786746903,f5bd22f4-0fbb-42c7-b35f-8112e8a81dd5,0.009931013081526302,3,-
0,166.41809907496864,f5bd22f4-0fbb-42c7-b35f-8112e8a81dd5,-,-,0.010976664739458214
0,166.41810458167728,f5bd22f4-0fbb-42c7-b35f-8112e8a81dd5,0.01088978941538358,3,-
0,167.54685539763625,f5bd22f4-0fbb-42c7-b35f-8112e8a81dd5,-,-,0.012040322090804603
0,167.54686091062496,f5bd22f4-0fbb-42c7-b35f-8112e8a81dd5,0.011945446433983575,3,-
0,168.67561701432993,f5bd22f4-0fbb-42c7-b35f-8112e8a81dd5,-,-,0.013001104845397312
0,168.6756212579517,f5bd22f4-0fbb-42c7-b35f-8112e8a81dd5,0.01292149302748823,3,-
0,169.8043814469949,f5bd22f4-0fbb-42c7-b35f-8112e8a81dd5,-,-,0.013897541216736956
0,169.8043845385331,f5bd22f4-0fbb-42c7-b35f-8112e8a81dd5,0.013834796632320732,3,-
0,170.9331477210069,f5bd22f4-0fbb-42c7-b35f-8112e8a81dd5,-,-,0.01474810199842479
0,170.93315007331677,f5bd22f4-0fbb-42c7-b35f-8112e8a81dd5,0.014697066290527912,3,-
0,172.06191554332966,f5bd22f4-0fbb-42c7-b35f-8112e8a81dd5,-,-,0.015559337830918958
0,172.0619173929871,f5bd22f4-0fbb-42c7-b35f-8112e8a81dd5,0.015516819420095088,3,-
0,173.19068466778845,f5bd22f4-0fbb-42c7-b35f-8112e8a81dd5,-,-,0.016336574525703983
0,173.19068616009986,f5bd22f4-0fbb-42c7-b35f-8112e8a81dd5,0.016300478711139023,3,-
0,174.31945489495365,f5bd22f4-0fbb-42c7-b35f-8112e8a81dd5,-,-,0.017084140053503397
0,174.31945612412943,f5bd22f4-0fbb-42c7-b35f-8112e8a81dd5,0.01705302758584096,3,-
0,175.44822606424813,f5bd22f4-0fbb-42c7-b35f-8112e8a81dd5,-,-,0.017805578573281463
0,175.4482270940645,f5bd22f4-0fbb-42c7-b35f-8112e8a81dd5,0.017778423581290937,3,-
0,176.5769980458219,f5bd22f4-0fbb-42c7-b35f-8112e8a81dd5,-,-,0.018503821739948075
0,176.5769989209719,f5bd22f4-0fbb-42c7-b35f-8112e8a81dd5,0.01847987069689908,3,-
0,177.70577073377365,f5bd22f4-0fbb-42c7-b35f-8112e8a81dd5,-,-,0.019181320017206432
0,177.70577148651893,f5bd22f4-0fbb-42c7-b35f-8112e8a81dd5,0.019160005420732075,3,-
0,178.834544040922,f5bd22f4-0fbb-42c7-b35f-8112e8a81dd5,-,-,0.019840142383196608
0,178.83454469514015,f5bd22f4-0fbb-42c7-b35f-8112e8a81dd5,0.019821027573891408,3,-
0,179.96331789482016,f5bd22f4-0fbb-42c7-b35f-8112e8a81dd5,-,-,0.02048205199313457
0,179.96331846855463,f5bd22f4-0fbb-42c7-b35f-8112e8a81dd5,0.020464794868965193,2,-
0,181.09209223469884,f5bd22f4-0fbb-42c7-b35f-8112e8a81dd5,-,-,0.02110856445195064
0,181.0920927418438,f5bd22f4-0fbb-42c7-b35f-8112e8a81dd5,0.021092892649187525,2,-
0,182.22086700914255,f5bd22f4-0fbb-42c7-b35f-8112e8a81dd5,-,-,0.021720992734214604
0,182.22086746059605,f5bd22f4-0fbb-42c7-b35f-8112e8a81dd5,0.02170668640423341,2,-
0,183.3496421743423,f5bd22f4-0fbb-42c7-b35f-8112e8a81dd5,-,-,0.022320482476622033
0,183.34964257869134,f5bd22f4-0fbb-42c7-b35f-8112e8a81dd5,0.022307361968806252,2,-
0,184.4784176926009,f5bd22f4-0fbb-42c7-b35f-8112e8a81dd5,-,-,0.022908039859431125
0,184.47841805676327,f5bd22f4-0fbb-42c7-b35f-8112e8a81dd5,0.022895956731804265,2,-
0,185.6071935313021,f5bd22f4-0fbb-42c7-b35f-8112e8a81dd5,-,-,0.0234845538261253
0,185.60719386095704,f5bd22f4-0fbb-42c7-b35f-8112e8a81dd5,0.023473384237122683,2,-
0,186.7359696621347,f5bd22f4-0fbb-42c7-b35f-8112e8a81dd5,-,-,0.02405081407596837
0,186.73596996188067,f5bd22f4-0fbb-42c7-b35f-8112e8a81dd5,0.02404045378163153,2,-
0,187.86474606022267,f5bd22f4-0fbb-42c7-b35f-8112e8a81dd5,-,-,0.0246075256591482
0,187.86474633391188,f5bd22f4-0fbb-42c7-b35f-8112e8a81dd5,0.024597886210223584,2,-
0,188.99352270371398,f5bd22f4-0fbb-42c7-b35f-8112e8a81dd5,-,-,0.02515532096885007
0,188.9935229545553,f5bd22f4-0fbb-42c7-b35f-8112e8a81dd5,0.02514632675163226,2,-
0,190.12229957326232,f5bd22f4-0fbb-42c7-b35f-8112e8a81dd5,-,-,0.025694769617913883
0,190.12229980395966,f5bd22f4-0fbb-42c7-b35f-8112e8a81dd5,0.025686355593663498,2,-
0,191.25107665167363,f5bd22f4-0fbb-42c7-b35f-8112e8a81dd5,-,-,0.026226386753446008
0,191.2510768645178,f5bd22f4-0fbb-42c7-b35f-8112e8a81dd5,0.02621849659730822,2,-
0,192.37985392359403,f5bd22f4-0fbb-42c7-b35f-8112e8a81dd5,-,-,0.026750639909830735
0,192.3798541205448,f5bd22f4-0fbb-42c7-b35f-8112e8a81dd5,0.026743224589755515,2,-
0,193.5086313752663,f5bd22f4-0fbb-42c7-b35f-8112e8a81dd5,-,-,0.027267954880631554
0,193.5086315580058,f5bd22f4-0fbb-42c7-b35f-8112e8a81dd5,0.02726097149836863,2,-
0,194.63740899431204,f5bd22f4-0fbb-42c7-b35f-8112e8a81dd5,-,-,0.027778720693561944
0,194.6374091642942,f5bd22f4-0fbb-42c7-b35f-8112e8a81dd5,0.027772131498068182,2,-
0,195.76618676955732,f5bd22f4-0fbb-42c7-b35f-8112e8a81dd5,-,-,0.028283293771248833
0,195.76618692804394,f5bd22f4-0fbb-42c7-b35f-8112e8a81dd5,0.028277065445998062,2,-
0,196.89496469088002,f5bd22f4-0fbb-42c7-b35f-8112e8a81dd5,-,-,0.028782001653195916
0,196.8949648389725,f5bd22f4-0fbb-42c7-b35f-8112e8a81dd5,0.028776104627750355,2,-
0,198.02374274908422,f5bd22f4-0fbb-42c7-b35f-8112e8a81dd5,-,-,0.02927514605356845
0,198.02374288774806,f5bd22f4-0fbb-42c7-b35f-8112e8a81dd5,0.029269553991617285,2,-
0,199.15252093579107,f5bd22f4-0fbb-42c7-b35f-8112e8a81dd5,-,-,0.029763005583473244
0,199.1525210658759,f5bd22f4-0fbb-42c7-b35f-8112e8a81dd5,0.029757694954760983,2,-
0,200.28129924334482,f5bd22f4-0fbb-42c7-b35f-8112e8a81dd5,-,-,0.030245838129045598
0,200.28129936560126,f5bd22f4-0fbb-42c7-b35f-8112e8a81dd5,0.0302407878375941,2,-
0,201.41007766473234,f5bd22f4-0fbb-42c7-b35f-8112e8a81dd5,-,-,0.030723882914040716
0,201.4100777798268,f5bd22f4-0fbb-42c7-b35f-8112e8a81dd5,0.030719073953918537,2,-
0,202.538856193515,f5bd22f4-0fbb-42c7-b35f-8112e8a81dd5,-,-,0.031197362245739185
0,202.53885630203982,f5bd22f4-0fbb-42c7-b35f-8112e8a81dd5,0.031192777497722857,2,-
0,203.6676348237658,f5bd22f4-0fbb-42c7-b35f-8112e8a81dd5,-,-,0.03166648319839303
0,203.6676349262507,f5bd22f4-0fbb-42c7-b35f-8112e8a81dd5,0.03166210714005809,2,-
0,204.79641355001908,f5bd22f4-0fbb-42c7-b35f-8112e8a81dd5,-,-,0.032131438920186835
0,204.7964136469381,f5bd22f4-0fbb-42c7-b35f-8112e8a81dd5,0.03212725748547721,2,-
0,205.92519236722256,f5bd22f4-0fbb-42c7-b35f-8112e8a81dd5,-,-,0.032592409949242146
0,205.92519245900192,f5bd22f4-0fbb-42c7-b35f-8112e8a81dd5,0.03258841032345429,2,-
0,207.05397127069807,f5bd22f4-0fbb-42c7-b35f-8112e8a81dd5,-,-,0.03304956526001327
0,207.0539713577215,f5bd22f4-0fbb-42c7-b35f-8112e8a81dd5,0.033045735768902226,2,-
0,208.18275025610498,f5bd22f4-0fbb-42c7-b35f-8112e8a81dd5,-,-,0.03350306329290627
0,208.18275033871927,f5bd22f4-0fbb-42c7-b35f-8112e8a81dd5,0.033499393258184004,2,-
0,209.3115293194092,f5bd22f4-0fbb-42c7-b35f-8112e8a81dd5,-,-,0.03395305280578423
0,209.31152939792838,f5bd22f4-0fbb-42c7-b35f-8112e8a81dd5,0.03394953244929247,2,-
0,210.440308456855,f5bd22f4-0fbb-42c7-b35f-8112e8a81dd5,-,-,0.034399673678315326
0,210.44030853156428,f5bd22f4-0fbb-42c7-b35f-8112e8a81dd5,0.03439629401381997,2,-
0,211.56908766494053,f5bd22f4-0fbb-42c7-b35f-8112e8a81dd5,-,-,0.03484305759573265
0,211.5690877360991,f5bd22f4-0fbb-42c7-b35f-8112e8a81dd5,0.034839810368800614,2,-
0,212.69786694039493,f5bd22f4-0fbb-42c7-b35f-8112e8a81dd5,-,-,0.03528332872055007
0,212.69786700823946,f5bd22f4-0fbb-42c7-b35f-8112e8a81dd5,0.03528020631923302,2,-
0,213.82664628015937,f5bd22f4-0fbb-42c7-b35f-8112e8a81dd5,-,-,0.03572060424576461
0,213.82664634490595,f5bd22f4-0fbb-42c7-b35f-8112e8a81dd5,0.035717599636003544,2,-
0,214.95542568136895,f5bd22f4-0fbb-42c7-b35f-8112e8a81dd5,-,-,0.03615499490818503
0,214.95542574321553,f5bd22f4-0fbb-42c7-b35f-8112e8a81dd5,0.03615210159164438,2,-
0,216.08420514133687,f5bd22f4-0fbb-42c7-b35f-8112e8a81dd5,-,-,0.03658660548200913
0,216.08420520046477,f5bd22f4-0fbb-42c7-b35f-8112e8a81dd5,0.03658381744349605,2,-
0,217.21298465753972,f5bd22f4-0fbb-42c7-b35f-8112e8a81dd5,-,-,0.03701553520942007
0,217.21298471411598,f5bd22f4-0fbb-42c7-b35f-8112e8a81dd5,0.037012846853443734,2,-
0,218.34176422760552,f5bd22f4-0fbb-42c7-b35f-8112e8a81dd5,-,-,0.037441878156869474
0,218.3417642817836,f5bd22f4-0fbb-42c7-b35f-8112e8a81dd5,0.03743928429292904,2,-
0,219.47054384930118,f5bd22f4-0fbb-42c7-b35f-8112e8a81dd5,-,-,0.0378657236053697
0,219.47054390122264,f5bd22f4-0fbb-42c7-b35f-8112e8a81dd5,0.03786321940608984,2,-
0,220.59932352052215,f5bd22f4-0fbb-42c7-b35f-8112e8a81dd5,-,-,0.03828715637178267
0,220.59932357031775,f5bd22f4-0fbb-42c7-b35f-8112e8a81dd5,0.038284737335021364,2,-
0,221.72810323928303,f5bd22f4-0fbb-42c7-b35f-8112e8a81dd5,-,-,0.0387062570961747
0,221.72810328707396,f5bd22f4-0fbb-42c7-b35f-8112e8a81dd5,0.03870391900877907,2,-
0,222.8568830037092,f5bd22f4-0fbb-42c7-b35f-8112e8a81dd5,-,-,0.03912310249457695
0,222.85688304960726,f5bd22f4-0fbb-42c7-b35f-8112e8a81dd5,0.03912084144748123,2,-
0,223.9856628120277,f5bd22f4-0fbb-42c7-b35f-8112e8a81dd5,-,-,0.03953776567818461
0,223.98566285613708,f5bd22f4-0fbb-42c7-b35f-8112e8a81dd5,0.039535577985359095,2,-
0,225.11444266256154,f5bd22f4-0fbb-42c7-b35f-8112e8a81dd5,-,-,0.039950316295353956
0,225.1144427049786,f5bd22f4-0fbb-42c7-b35f-8112e8a81dd5,0.03994819852786427,2,-
0,226.24322255372164,f5bd22f4-0fbb-42c7-b35f-8112e8a81dd5,-,-,0.04036082082276836
0,226.24322259453638,f5bd22f4-0fbb-42c7-b35f-8112e8a81dd5,0.040358769747353446,2,-
0,227.37200248400205,f5bd22f4-0fbb-42c7-b35f-8112e8a81dd5,-,-,0.04076934269969873
0,227.37200252329816,f5bd22f4-0fbb-42c7-b35f-8112e8a81dd5,0.04076735529430559,2,-
0,228.50078245197363,f5bd22f4-0fbb-42c7-b35f-8112e8a81dd5,-,-,0.04117594255475547
0,228.50078248982916,f5bd22f4-0fbb-42c7-b35f-8112e8a81dd5,0.04117401596846864,2,-
0,229.62956245627927,f5bd22f4-0fbb-42c7-b35f-8112e8a81dd5,-,-,0.04158067833696292
0,229.62956249276698,f5bd22f4-0fbb-42c7-b35f-8112e8a81dd5,0.04157880989807108,2,-
0,230.7583424956289,f5bd22f4-0fbb-42c7-b35f-8112e8a81dd5,-,-,0.04198360550303625
0,230.75834253081678,f5bd22f4-0fbb-42c7-b35f-8112e8a81dd5,0.04198179269630004,2,-
0,231.88712256879535,f5bd22f4-0fbb-42c7-b35f-8112e8a81dd5,-,-,0.042384777151128296
0,231.88712260274747,f5bd22f4-0fbb-42c7-b35f-8112e8a81dd5,0.0423830175873301,2,-
0,233.0159026746112,f5bd22f4-0fbb-42c7-b35f-8112e8a81dd5,-,-,0.042784244116403844
0,233.01590270738714,f5bd22f4-0fbb-42c7-b35f-8112e8a81dd5,0.04278253556742043,2,-
0,234.1446828119637,f5bd22f4-0fbb-42c7-b35f-8112e8a81dd5,-,-,0.04318205516721135
0,234.1446828436193,f5bd22f4-0fbb-42c7-b35f-8112e8a81dd5,0.043180395511626404,2,-
0,235.27346297979216,f5bd22f4-0fbb-42c7-b35f-8112e8a81dd5,-,-,0.04357825705740672
0,235.27346301038003,f5bd22f4-0fbb-42c7-b35f-8112e8a81dd5,0.043576644297081225,2,-
0,236.40224317708487,f5bd22f4-0fbb-42c7-b35f-8112e8a81dd5,-,-,0.04397289466620308
0,236.4022432066544,f5bd22f4-0fbb-42c7-b35f-8112e8a81dd5,0.043971326909150864,2,-
0,237.5310234028761,f5bd22f4-0fbb-42c7-b35f-8112e8a81dd5,-,-,0.04436601108720178
0,237.53102343147376,f5bd22f4-0fbb-42c7-b35f-8112e8a81dd5,0.04436448654224062,2,-
0,238.6598036562434,f5bd22f4-0fbb-42c7-b35f-8112e8a81dd5,-,-,0.04475764772384861
0,238.65980368391283,f5bd22f4-0fbb-42c7-b35f-8112e8a81dd5,0.04475616469767681,2,-
0,239.78858393630497,f5bd22f4-0fbb-42c7-b35f-8112e8a81dd5,-,-,0.045147844384391324
0,239.78858396308738,f5bd22f4-0fbb-42c7-b35f-8112e8a81dd5,0.045146401266329815,2,-
0,240.91736424221762,f5bd22f4-0fbb-42c7-b35f-8112e8a81dd5,-,-,0.04553663934924655
0,240.91736426815183,f5bd22f4-0fbb-42c7-b35f-8112e8a81dd5,0.045535234614505045,2,-
0,242.04614457317436,f5bd22f4-0fbb-42c7-b35f-8112e8a81dd5,-,-,0.04592406946015452
0,242.04614459829716,f5bd22f4-0fbb-42c7-b35f-8112e8a81dd5,0.04592270165909026,2,-
0,243.17492492840273,f5bd22f4-0fbb-42c7-b35f-8112e8a81dd5,-,-,0.04631017018458384
0,243.1749249527485,f5bd22f4-0fbb-42c7-b35f-8112e8a81dd5,0.04630883794188374,2,-
0,244.30370530716232,f5bd22f4-0fbb-42c7-b35f-8112e8a81dd5,-,-,0.04669497568924485
0,244.3037053307639,f5bd22f4-0fbb-42c7-b35f-8112e8a81dd5,0.04669367769461203,2,-
0,245.43248570874374,f5bd22f4-0fbb-42c7-b35f-8112e8a81dd5,-,-,0.04707851889579093
0,245.43248573163208,f5bd22f4-0fbb-42c7-b35f-8112e8a81dd5,0.04707725390487862,2,-
0,246.56126613246653,f5bd22f4-0fbb-42c7-b35f-8112e8a81dd5,-,-,0.04746083154770042
0,246.56126615467088,f5bd22f4-0fbb-42c7-b35f-8112e8a81dd5,0.04745959837610092,2,-
0,247.6900465776777,f5bd22f4-0fbb-42c7-b35f-8112e8a81dd5,-,-,0.04784194426420493
0,247.69004659922587,f5bd22f4-0fbb-42c7-b35f-8112e8a81dd5,0.04784074178106837,2,-
0,248.81882704375047,f5bd22f4-0fbb-42c7-b35f-8112e8a81dd5,-,-,0.04822188658746357
0,248.81882706466882,f5bd22f4-0fbb-42c7-b35f-8112e8a81dd5,0.048220713714700825,2,-
0,249.94760753008293,f5bd22f4-0fbb-42c7-b35f-8112e8a81dd5,-,-,0.04860068703452482
0,249.94760755039633,f5bd22f4-0fbb-42c7-b35f-8112e8a81dd5,0.04859954274783483,2,-
0,251.07638803609643,f5bd22f4-0fbb-42c7-b35f-8112e8a81dd5,-,-,0.048978373152140216
0,251.07638805582857,f5bd22f4-0fbb-42c7-b35f-8112e8a81dd5,0.04897725647017361,2,-
0,252.2051685612348,f5bd22f4-0fbb-42c7-b35f-8112e8a81dd5,-,-,0.04935497154887771
0,252.20516858040824,f5bd22f4-0fbb-42c7-b35f-8112e8a81dd5,0.0493538815382773,2,-
0,253.33394910496315,f5bd22f4-0fbb-42c7-b35f-8112e8a81dd5,-,-,0.04973050794815206
0,253.3339491235993,f5bd22f4-0fbb-42c7-b35f-8112e8a81dd5,0.04972944371325421,2,-
0,254.46272966676673,f5bd22f4-0fbb-42c7-b35f-8112e8a81dd5,-,-,0.0501050072156173
0,254.46272968488594,f5bd22f4-0fbb-42c7-b35f-8112e8a81dd5,0.050103967899169835,2,-
0,255.59151024615014,f5bd22f4-0fbb-42c7-b35f-8112e8a81dd5,-,-,0.05047849339829363
0,255.5915102637717,f5bd22f4-0fbb-42c7-b35f-8112e8a81dd5,0.05047747818709665,2,-
0,256.72029084263613,f5bd22f4-0fbb-42c7-b35f-8112e8a81dd5,-,-,0.05085098977425805
0,256.7202908597785,f5bd22f4-0fbb-42c7-b35f-8112e8a81dd5,0.05084999788711933,2,-
0,257.8490714557649,f5bd22f4-0fbb-42c7-b35f-8112e8a81dd5,-,-,0.05122251887260496
0,257.8490714724457,f5bd22f4-0fbb-42c7-b35f-8112e8a81dd5,0.0512215495540989,2,-
0,258.9778520850935,f5bd22f4-0fbb-42c7-b35f-8112e8a81dd5,-,-,0.05159310249296832
0,258.9778521013295,f5bd22f4-0fbb-42c7-b35f-8112e8a81dd5,0.051592155032075024,2,-
0,260.1066327301948,f5bd22f4-0fbb-42c7-b35f-8112e8a81dd5,-,-,0.0519627617685642
0,260.10663274600194,f5bd22f4-0fbb-42c7-b35f-8112e8a81dd5,0.05196183547874062,2,-
0,261.23541339065656,f5bd22f4-0fbb-42c7-b35f-8112e8a81dd5,-,-,0.05233151717073588
0,261.23541340605004,f5bd22f4-0fbb-42c7-b35f-8112e8a81dd5,0.0523306113883199,2,-
0,262.36419406608127,f5bd22f4-0fbb-42c7-b35f-8112e8a81dd5,-,-,0.05269938853023616
0,262.36419408107577,f5bd22f4-0fbb-42c7-b35f-8112e8a81dd5,0.052698502625311554,2,-
0,263.4929747560853,f5bd22f4-0fbb-42c7-b35f-8112e8a81dd5,-,-,0.053066395081834576
0,263.4929747706945,f5bd22f4-0fbb-42c7-b35f-8112e8a81dd5,0.05306552845111729,2,-
0,264.62175546029783,f5bd22f4-0fbb-42c7-b35f-8112e8a81dd5,-,-,0.05343255548383339
0,264.62175547453523,f5bd22f4-0fbb-42c7-b35f-8112e8a81dd5,0.05343170753931279,2,-
0,265.7505361783612,f5bd22f4-0fbb-42c7-b35f-8112e8a81dd5,-,-,0.05379788782197927
0,265.75053619223945,f5bd22f4-0fbb-42c7-b35f-8112e8a81dd5,0.0537970580084853,2,-
0,266.8793169099295,f5bd22f4-0fbb-42c7-b35f-8112e8a81dd5,-,-,0.0541624096598679
0,266.8793169234607,f5bd22f4-0fbb-42c7-b35f-8112e8a81dd5,0.054161597441556346,2,-
0,268.0080976546684,f5bd22f4-0fbb-42c7-b35f-8112e8a81dd5,-,-,0.05452613804475236
0,268.00809766786426,f5bd22f4-0fbb-42c7-b35f-8112e8a81dd5,0.0545253429013849,2,-
0,269.1368784122548,f5bd22f4-0fbb-42c7-b35f-8112e8a81dd5,-,-,0.05488908951942559
0,269.1368784251264,f5bd22f4-0fbb-42c7-b35f-8112e8a81dd5,0.054888310957462806,2,-
0,270.2656591823761,f5bd22f4-0fbb-42c7-b35f-8112e8a81dd5,-,-,0.05525128016000976
0,270.26565919493413,f5bd22f4-0fbb-42c7-b35f-8112e8a81dd5,0.055250517701100135,2,-
0,271.39443996472994,f5bd22f4-0fbb-42c7-b35f-8112e8a81dd5,-,-,0.055612725579630026
0,271.39443997698464,f5bd22f4-0fbb-42c7-b35f-8112e8a81dd5,0.05561197876378287,2,-
0,272.5232207590237,f5bd22f4-0fbb-42c7-b35f-8112e8a81dd5,-,-,0.05597344094994512
0,272.5232207709847,f5bd22f4-0fbb-42c7-b35f-8112e8a81dd5,0.05597270933453837,2,-
0,273.65200156497394,f5bd22f4-0fbb-42c7-b35f-8112e8a81dd5,-,-,0.056333441017520934
0,273.65200157665083,f5bd22f4-0fbb-42c7-b35f-8112e8a81dd5,0.05633272417836311,2,-
0,274.7807823823065,f5bd22f4-0fbb-42c7-b35f-8112e8a81dd5,-,-,0.05669274012332017
0,274.7807823937084,f5bd22f4-0fbb-42c7-b35f-8112e8a81dd5,0.05669203764681862,2,-
0,275.90956321075583,f5bd22f4-0fbb-42c7-b35f-8112e8a81dd5,-,-,0.05705135220546636
0,275.90956322189123,f5bd22f4-0fbb-42c7-b35f-8112e8a81dd5,0.0570506637004042,2,-
0,277.0383440500643,f5bd22f4-0fbb-42c7-b35f-8112e8a81dd5,-,-,0.05740929083339401
0,277.0383440609416,f5bd22f4-0fbb-42c7-b35f-8112e8a81dd5,0.05740861591349633,2,-
0,278.16712489998264,f5bd22f4-0fbb-42c7-b35f-8112e8a81dd5,-,-,0.05776656919535327
0,278.1671249106097,f5bd22f4-0fbb-42c7-b35f-8112e8a81dd5,0.05776590749909503,2,-
0,279.29590576026885,f5bd22f4-0fbb-42c7-b35f-8112e8a81dd5,-,-,0.058123200142965355
0,279.2959057706534,f5bd22f4-0fbb-42c7-b35f-8112e8a81dd5,0.058122551309582486,2,-
0,280.4246866306886,f5bd22f4-0fbb-42c7-b35f-8112e8a81dd5,-,-,0.058479196167991666
0,280.424686640838,f5bd22f4-0fbb-42c7-b35f-8112e8a81dd5,0.058478559860864386,2,-
0,281.55346751101433,f5bd22f4-0fbb-42c7-b35f-8112e8a81dd5,-,-,0.05883456944985863
0,281.55346752093584,f5bd22f4-0fbb-42c7-b35f-8112e8a81dd5,0.05883394533392316,2,-
0,282.68224840102573,f5bd22f4-0fbb-42c7-b35f-8112e8a81dd5,-,-,0.059189331834622654
0,282.682248410726,f5bd22f4-0fbb-42c7-b35f-8112e8a81dd5,0.05918871959343023,2,-
0,283.81102930050855,f5bd22f4-0fbb-42c7-b35f-8112e8a81dd5,-,-,0.05954349487064143
0,283.8110293099943,f5bd22f4-0fbb-42c7-b35f-8112e8a81dd5,0.059542894197031404,2,-
0,284.93981020925514,f5bd22f4-0fbb-42c7-b35f-8112e8a81dd5,-,-,0.05989706980853259
0,284.93981021853256,f5bd22f4-0fbb-42c7-b35f-8112e8a81dd5,0.05989648039993091,2,-
0,286.0685911270638,f5bd22f4-0fbb-42c7-b35f-8112e8a81dd5,-,-,0.06025006760105571
0,286.0685911361391,f5bd22f4-0fbb-42c7-b35f-8112e8a81dd5,0.06024948917533359,2,-
0,287.1973720537388,f5bd22f4-0fbb-42c7-b35f-8112e8a81dd5,-,-,0.060602498939414155
0,287.1973720626177,f5bd22f4-0fbb-42c7-b35f-8112e8a81dd5,0.060601931218353416,2,-
0,288.3261529890897,f5bd22f4-0fbb-42c7-b35f-8112e8a81dd5,-,-,0.06095437424062838
0,288.3261529977779,f5bd22f4-0fbb-42c7-b35f-8112e8a81dd5,0.06095381695215676,2,-
0,289.45493393293174,f5bd22f4-0fbb-42c7-b35f-8112e8a81dd5,-,-,0.061305703655914714
0,289.4549339414348,f5bd22f4-0fbb-42c7-b35f-8112e8a81dd5,0.06130515654113893,2,-
0,290.58371488508556,f5bd22f4-0fbb-42c7-b35f-8112e8a81dd5,-,-,0.06165649709089439
0,290.58371489340857,f5bd22f4-0fbb-42c7-b35f-8112e8a81dd5,0.06165595989963871,2,-
0,291.71249584537645,f5bd22f4-0fbb-42c7-b35f-8112e8a81dd5,-,-,0.06200676420984791
0,291.7124958535247,f5bd22f4-0fbb-42c7-b35f-8112e8a81dd5,0.06200623669494928,2,-
0,292.8412768136351,f5bd22f4-0fbb-42c7-b35f-8112e8a81dd5,-,-,0.06235651443302007
0,292.84127682161323,f5bd22f4-0fbb-42c7-b35f-8112e8a81dd5,0.0623559963629054,2,-
0,293.9700577896963,f5bd22f4-0fbb-42c7-b35f-8112e8a81dd5,-,-,0.06270575696478475
0,293.9700577975091,f5bd22f4-0fbb-42c7-b35f-8112e8a81dd5,0.06270524811061214,2,-
0,295.09883877339973,f5bd22f4-0fbb-42c7-b35f-8112e8a81dd5,-,-,0.0630545007835155
0,295.09883878105194,f5bd22f4-0fbb-42c7-b35f-8112e8a81dd5,0.06305400092151413,2,-
0,296.2276197645896,f5bd22f4-0fbb-42c7-b35f-8112e8a81dd5,-,-,0.06340275464899416
0,296.2276197720854,f5bd22f4-0fbb-42c7-b35f-8112e8a81dd5,0.06340226356755677,2,-
0,297.35640076311387,f5bd22f4-0fbb-42c7-b35f-8112e8a81dd5,-,-,0.06375052712166407
0,297.3564007704576,f5bd22f4-0fbb-42c7-b35f-8112e8a81dd5,0.06375004461145545,2,-
0,298.485181768825,f5bd22f4-0fbb-42c7-b35f-8112e8a81dd5,-,-,0.06409782655500912
0,298.4851817760206,f5bd22f4-0fbb-42c7-b35f-8112e8a81dd5,0.0640973524183208,2,-
0,299.61396278157906,f5bd22f4-0fbb-42c7-b35f-8112e8a81dd5,-,-,0.06444466111653291
0,299.6139627886308,f5bd22f4-0fbb-42c7-b35f-8112e8a81dd5,0.06444419515213431,2,-
0,300.7427438012365,f5bd22f4-0fbb-42c7-b35f-8112e8a81dd5,-,-,0.06479103876908548
0,300.7427438081481,f5bd22f4-0fbb-42c7-b35f-8112e8a81dd5,0.06479058079374823,2,-
0,301.87152482766095,f5bd22f4-0fbb-42c7-b35f-8112e8a81dd5,-,-,0.06513696731038784
0,301.871524834436,f5bd22f4-0fbb-42c7-b35f-8112e8a81dd5,0.06513651713634404,2,-
0,303.0003058607197,f5bd22f4-0fbb-42c7-b35f-8112e8a81dd5,-,-,0.06548245434594885
0,303.0003058673619,f5bd22f4-0fbb-42c7-b35f-8112e8a81dd5,0.06548201180066407,2,-
0,304.12908690028365,f5bd22f4-0fbb-42c7-b35f-8112e8a81dd5,-,-,0.06582750732406965
0,304.1290869067964,f5bd22f4-0fbb-42c7-b35f-8112e8a81dd5,0.0658270722301852,2,-
0,305.25786794622695,f5bd22f4-0fbb-42c7-b35f-8112e8a81dd5,-,-,0.06617213351095977
0,305.25786795261365,f5bd22f4-0fbb-42c7-b35f-8112e8a81dd5,0.06617170570197071,2,-
0,306.386648998427,f5bd22f4-0fbb-42c7-b35f-8112e8a81dd5,-,-,0.06651634001726689
0,306.3866490046908,f5bd22f4-0fbb-42c7-b35f-8112e8a81dd5,0.06651591933024747,2,-
0,307.51543005676433,f5bd22f4-0fbb-42c7-b35f-8112e8a81dd5,-,-,0.06686013379437979
0,307.5154300629084,f5bd22f4-0fbb-42c7-b35f-8112e8a81dd5,0.06685972007406699,2,-
0,308.6442111211224,f5bd22f4-0fbb-42c7-b35f-8112e8a81dd5,-,-,0.0672035216461727
0,308.64421112714984,f5bd22f4-0fbb-42c7-b35f-8112e8a81dd5,0.06720311473447081,2,-
0,309.77299219138786,f5bd22f4-0fbb-42c7-b35f-8112e8a81dd5,-,-,0.06754651021567547
0,309.7729921973016,f5bd22f4-0fbb-42c7-b35f-8112e8a81dd5,0.06754610996615677,2,-
0,310.90177326745004,f5bd22f4-0fbb-42c7-b35f-8112e8a81dd5,-,-,0.06788910601124047
0,310.9017732732529,f5bd22f4-0fbb-42c7-b35f-8112e8a81dd5,0.06788871228032753,2,-
0,312.030554349201,f5bd22f4-0fbb-42c7-b35f-8112e8a81dd5,-,-,0.06823131540057359
0,312.0305543548959,f5bd22f4-0fbb-42c7-b35f-8112e8a81dd5,0.06823092804540205,2,-
0,313.1593354365357,f5bd22f4-0fbb-42c7-b35f-8112e8a81dd5,-,-,0.06857314460930834
0,313.1593354421251,f5bd22f4-0fbb-42c7-b35f-8112e8a81dd5,0.06857276349336815,2,-
0,314.2881165293512,f5bd22f4-0fbb-42c7-b35f-8112e8a81dd5,-,-,0.06891459973299986
0,314.28811653483785,f5bd22f4-0fbb-42c7-b35f-8112e8a81dd5,0.06891422472386426,2,-
0,315.41689762754766,f5bd22f4-0fbb-42c7-b35f-8112e8a81dd5,-,-,0.06925568673893552
0,315.416897632934,f5bd22f4-0fbb-42c7-b35f-8112e8a81dd5,0.06925531770671889,2,-
0,316.5456787310273,f5bd22f4-0fbb-42c7-b35f-8112e8a81dd5,-,-,0.06959641146713251
0,316.5456787363158,f5bd22f4-0fbb-42c7-b35f-8112e8a81dd5,0.06959604828627745,2,-
0,317.6744598396948,f5bd22f4-0fbb-42c7-b35f-8112e8a81dd5,-,-,0.06993677963645153
0,317.6744598448879,f5bd22f4-0fbb-42c7-b35f-8112e8a81dd5,0.06993642218327605,2,-
0,318.80324095345725,f5bd22f4-0fbb-42c7-b35f-8112e8a81dd5,-,-,0.07027679684401789
0,318.8032409585572,f5bd22f4-0fbb-42c7-b35f-8112e8a81dd5,0.07027644500449912,2,-
0,319.93202207222373,f5bd22f4-0fbb-42c7-b35f-8112e8a81dd5,-,-,0.07061646858266307
0,319.9320220772328,f5bd22f4-0fbb-42c7-b35f-8112e8a81dd5,0.07061612223310978,2,-
0,321.06080319590575,f5bd22f4-0fbb-42c7-b35f-8112e8a81dd5,-,-,0.07095580021192734
0,321.0608032008259,f5bd22f4-0fbb-42c7-b35f-8112e8a81dd5,0.0709554592454532,2,-
0,322.18958432441656,f5bd22f4-0fbb-42c7-b35f-8112e8a81dd5,-,-,0.0712947970013367
0,322.1895843292501,f5bd22f4-0fbb-42c7-b35f-8112e8a81dd5,0.07129446130552596,2,-
0,323.31836545767186,f5bd22f4-0fbb-42c7-b35f-8112e8a81dd5,-,-,0.07163346410253749
0,323.31836546242073,f5bd22f4-0fbb-42c7-b35f-8112e8a81dd5,0.0716331335731258,2,-
0,324.44714659558895,f5bd22f4-0fbb-42c7-b35f-8112e8a81dd5,-,-,0.07197180657112769
0,324.44714660025517,f5bd22f4-0fbb-42c7-b35f-8112e8a81dd5,0.07197148109955556,2,-
0,325.57592773808733,f5bd22f4-0fbb-42c7-b35f-8112e8a81dd5,-,-,0.07230982934991376
0,325.5759277426729,f5bd22f4-0fbb-42c7-b35f-8112e8a81dd5,0.07230950883849505,2,-
0,326.70470888508834,f5bd22f4-0fbb-42c7-b35f-8112e8a81dd5,-,-,0.07264753729495121
0,326.70470888959505,f5bd22f4-0fbb-42c7-b35f-8112e8a81dd5,0.0726472216421191,2,-
0,327.833490036515,f5bd22f4-0fbb-42c7-b35f-8112e8a81dd5,-,-,0.07298493515690883
0,327.8334900409446,f5bd22f4-0fbb-42c7-b35f-8112e8a81dd5,0.07298462427177763,2,-
0,328.962271192292,f5bd22f4-0fbb-42c7-b35f-8112e8a81dd5,-,-,0.07332202760631039
0,328.9622711966463,f5bd22f4-0fbb-42c7-b35f-8112e8a81dd5,0.07332172138749123,2,-
0,330.091052352346,f5bd22f4-0fbb-42c7-b35f-8112e8a81dd5,-,-,0.07365881920184604
0,330.0910523566268,f5bd22f4-0fbb-42c7-b35f-8112e8a81dd5,0.07365851756261547,2,-
0,331.21983351660526,f5bd22f4-0fbb-42c7-b35f-8112e8a81dd5,-,-,0.07399531443020503
0,331.2198335208142,f5bd22f4-0fbb-42c7-b35f-8112e8a81dd5,0.07399501728252349,2,-
0,332.3486146849996,f5bd22f4-0fbb-42c7-b35f-8112e8a81dd5,-,-,0.07433151768877713
0,332.34861468913823,f5bd22f4-0fbb-42c7-b35f-8112e8a81dd5,0.07433122494151731,2,-
0,333.47739585746035,f5bd22f4-0fbb-42c7-b35f-8112e8a81dd5,-,-,0.07466743328079221
0,333.4773958615302,f5bd22f4-0fbb-42c7-b35f-8112e8a81dd5,0.07466714485169143,2,-
0,334.60617703392046,f5bd22f4-0fbb-42c7-b35f-8112e8a81dd5,-,-,0.07500306543613613
0,334.60617703792326,f5bd22f4-0fbb-42c7-b35f-8112e8a81dd5,0.07500278124394509,2,-
0,335.7349582143144,f5bd22f4-0fbb-42c7-b35f-8112e8a81dd5,-,-,0.07533841830451182
0,335.7349582182515,f5bd22f4-0fbb-42c7-b35f-8112e8a81dd5,0.07533813826588423,2,-
0,336.863739398578,f5bd22f4-0fbb-42c7-b35f-8112e8a81dd5,-,-,0.0756734959502311
0,336.8637394024509,f5bd22f4-0fbb-42c7-b35f-8112e8a81dd5,0.07567321998667481,2,-
0,337.9925205866486,f5bd22f4-0fbb-42c7-b35f-8112e8a81dd5,-,-,0.07600830236401879
0,337.9925205904587,f5bd22f4-0fbb-42c7-b35f-8112e8a81dd5,0.07600803040113632,2,-
0,339.1213017784648,f5bd22f4-0fbb-42c7-b35f-8112e8a81dd5,-,-,0.07634284146634714
0,339.1213017822135,f5bd22f4-0fbb-42c7-b35f-8112e8a81dd5,0.07634257342753875,2,-
0,340.2500829739666,f5bd22f4-0fbb-42c7-b35f-8112e8a81dd5,-,-,0.07667711709893567
0,340.2500829776552,f5bd22f4-0fbb-42c7-b35f-8112e8a81dd5,0.07667685291004846,2,-
0,341.37886417309534,f5bd22f4-0fbb-42c7-b35f-8112e8a81dd5,-,-,0.07701113303184617
0,341.3788641767251,f5bd22f4-0fbb-42c7-b35f-8112e8a81dd5,0.07701087262495197,2,-
0,342.5076453757934,f5bd22f4-0fbb-42c7-b35f-8112e8a81dd5,-,-,0.07734489297348465
0,342.50764537936567,f5bd22f4-0fbb-42c7-b35f-8112e8a81dd5,0.07734463627712906,2,-
0,343.63642658200473,f5bd22f4-0fbb-42c7-b35f-8112e8a81dd5,-,-,0.07767840055732313
0,343.6364265855208,f5bd22f4-0fbb-42c7-b35f-8112e8a81dd5,0.07767814750176864,2,-
0,344.76520779167436,f5bd22f4-0fbb-42c7-b35f-8112e8a81dd5,-,-,0.07801165934885863
0,344.76520779513527,f5bd22f4-0fbb-42c7-b35f-8112e8a81dd5,0.07801140986939939,2,-
0,345.89398900474833,f5bd22f4-0fbb-42c7-b35f-8112e8a81dd5,-,-,0.07834467285395921
0,345.89398900815536,f5bd22f4-0fbb-42c7-b35f-8112e8a81dd5,0.07834442688575584,2,-
0,347.022770221174,f5bd22f4-0fbb-42c7-b35f-8112e8a81dd5,-,-,0.07867744451356434
0,347.0227702245283,f5bd22f4-0fbb-42c7-b35f-8112e8a81dd5,0.07867720199417262,2,-
0,348.1515514408998,f5bd22f4-0fbb-42c7-b35f-8112e8a81dd5,-,-,0.0790099777086079
0,348.1515514442024,f5bd22f4-0fbb-42c7-b35f-8112e8a81dd5,0.07900973857250351,2,-
0,349.2803326638752,f5bd22f4-0fbb-42c7-b35f-8112e8a81dd5,-,-,0.0793422757514622
0,349.2803326671272,f5bd22f4-0fbb-42c7-b35f-8112e8a81dd5,0.07934203994172635,2,-
0,350.4091138900507,f5bd22f4-0fbb-42c7-b35f-8112e8a81dd5,-,-,0.0796743419062284
0,350.4091138932532,f5bd22f4-0fbb-42c7-b35f-8112e8a81dd5,0.07967410936440517,2,-
0,351.53789511937794,f5bd22f4-0fbb-42c7-b35f-8112e8a81dd5,-,-,0.08000617937705597
0,351.537895122532,f5bd22f4-0fbb-42c7-b35f-8112e8a81dd5,0.08000595004153037,2,-
0,352.66667635180954,f5bd22f4-0fbb-42c7-b35f-8112e8a81dd5,-,-,0.08033779130336106
0,352.66667635491615,f5bd22f4-0fbb-42c7-b35f-8112e8a81dd5,0.08033756511974877,2,-
0,353.79545758729904,f5bd22f4-0fbb-42c7-b35f-8112e8a81dd5,-,-,0.08066918077744618
0,353.7954575903591,f5bd22f4-0fbb-42c7-b35f-8112e8a81dd5,0.08066895769252191,2,-
0,354.9242388258008,f5bd22f4-0fbb-42c7-b35f-8112e8a81dd5,-,-,0.08100035083958712
0,354.9242388288154,f5bd22f4-0fbb-42c7-b35f-8112e8a81dd5,0.08100013079386781,2,-
0,356.05302006727055,f5bd22f4-0fbb-42c7-b35f-8112e8a81dd5,-,-,0.08133130446435753
0,356.05302007024045,f5bd22f4-0fbb-42c7-b35f-8112e8a81dd5,0.08133108741226337,2,-
0,357.18180131166434,f5bd22f4-0fbb-42c7-b35f-8112e8a81dd5,-,-,0.08166204459469287
0,357.1818013145907,f5bd22f4-0fbb-42c7-b35f-8112e8a81dd5,0.08166183047765019,2,-
0,358.3105825589397,f5bd22f4-0fbb-42c7-b35f-8112e8a81dd5,-,-,0.08199257410199849
0,358.31058256182314,f5bd22f4-0fbb-42c7-b35f-8112e8a81dd5,0.08199236287460285,2,-
0,359.4393638090545,f5bd22f4-0fbb-42c7-b35f-8112e8a81dd5,-,-,0.08232289582548177
0,359.43936381189604,f5bd22f4-0fbb-42c7-b35f-8112e8a81dd5,0.08232268743588375,2,-
0,360.5681450619678,f5bd22f4-0fbb-42c7-b35f-8112e8a81dd5,-,-,0.08265301254609209
0,360.56814506476826,f5bd22f4-0fbb-42c7-b35f-8112e8a81dd5,0.08265280694642592,2,-
0,361.6969263176394,f5bd22f4-0fbb-42c7-b35f-8112e8a81dd5,-,-,0.0829829270009327
0,361.69692632039954,f5bd22f4-0fbb-42c7-b35f-8112e8a81dd5,0.08298272414474687,2,-
0,362.82570757602974,f5bd22f4-0fbb-42c7-b35f-8112e8a81dd5,-,-,0.08331264188210512
0,362.82570757875044,f5bd22f4-0fbb-42c7-b35f-8112e8a81dd5,0.08331244172162261,2,-
0,363.9544888371003,f5bd22f4-0fbb-42c7-b35f-8112e8a81dd5,-,-,0.08364215983264314
0,363.95448883978236,f5bd22f4-0fbb-42c7-b35f-8112e8a81dd5,0.08364196232322688,2,-
0,365.0832701008132,f5bd22f4-0fbb-42c7-b35f-8112e8a81dd5,-,-,0.08397148345411791
0,365.0832701034572,f5bd22f4-0fbb-42c7-b35f-8112e8a81dd5,0.08397128855219524,2,-
0,366.21205136713115,f5bd22f4-0fbb-42c7-b35f-8112e8a81dd5,-,-,0.08430061530562644
0,366.2120513697381,f5bd22f4-0fbb-42c7-b35f-8112e8a81dd5,0.08430042296738764,2,-
0,367.340832636018,f5bd22f4-0fbb-42c7-b35f-8112e8a81dd5,-,-,0.08462955790225236
0,367.3408326385885,f5bd22f4-0fbb-42c7-b35f-8112e8a81dd5,0.08462936808504935,2,-
0,368.46961390743786,f5bd22f4-0fbb-42c7-b35f-8112e8a81dd5,-,-,0.0849583137176259
0,368.4696139099727,f5bd22f4-0fbb-42c7-b35f-8112e8a81dd5,0.08495812637887544,2,-
0,369.5983951813559,f5bd22f4-0fbb-42c7-b35f-8112e8a81dd5,-,-,0.08528688518289157
0,369.5983951838556,f5bd22f4-0fbb-42c7-b35f-8112e8a81dd5,0.08528670028387483,2,-
0,370.7271764577376,f5bd22f4-0fbb-42c7-b35f-8112e8a81dd5,-,-,0.08561527469437166
0,370.72717646020294,f5bd22f4-0fbb-42c7-b35f-8112e8a81dd5,0.08561509219401263,2,-
0,371.85595773654944,f5bd22f4-0fbb-42c7-b35f-8112e8a81dd5,-,-,0.08594348460498706
0,371.8559577389811,f5bd22f4-0fbb-42c7-b35f-8112e8a81dd5,0.0859433044638226,2,-
0,372.98473901775844,f5bd22f4-0fbb-42c7-b35f-8112e8a81dd5,-,-,0.08627151722983979
0,372.9847390201571,f5bd22f4-0fbb-42c7-b35f-8112e8a81dd5,0.08627133941095075,2,-
0,374.1135203013323,f5bd22f4-0fbb-42c7-b35f-8112e8a81dd5,-,-,0.08659937484968765
0,374.11352030369864,f5bd22f4-0fbb-42c7-b35f-8112e8a81dd5,0.08659919931439222,2,-
0,375.24230158723924,f5bd22f4-0fbb-42c7-b35f-8112e8a81dd5,-,-,0.08692705970487466
0,375.2423015895737,f5bd22f4-0fbb-42c7-b35f-8112e8a81dd5,0.08692688641785952,2,-
0,376.371082875448,f5bd22f4-0fbb-42c7-b35f-8112e8a81dd5,-,-,0.08725457400383038
0,376.3710828777514,f5bd22f4-0fbb-42c7-b35f-8112e8a81dd5,0.08725440292705275,2,-
0,377.4998641659283,f5bd22f4-0fbb-42c7-b35f-8112e8a81dd5,-,-,0.08758191991424193
0,377.49986416820104,f5bd22f4-0fbb-42c7-b35f-8112e8a81dd5,0.08758175101395482,2,-
0,378.62864545864994,f5bd22f4-0fbb-42c7-b35f-8112e8a81dd5,-,-,0.08790909957437483
0,378.6286454608928,f5bd22f4-0fbb-42c7-b35f-8112e8a81dd5,0.08790893281489078,2,-
0,379.75742675358373,f5bd22f4-0fbb-42c7-b35f-8112e8a81dd5,-,-,0.08823611508489587
0,379.75742675579716,f5bd22f4-0fbb-42c7-b35f-8112e8a81dd5,0.08823595043537795,2,-
0,380.8862080507007,f5bd22f4-0fbb-42c7-b35f-8112e8a81dd5,-,-,0.0885629685205145
0,380.8862080528853,f5bd22f4-0fbb-42c7-b35f-8112e8a81dd5,0.08856280594291409,2,-
0,382.01498934997267,f5bd22f4-0fbb-42c7-b35f-8112e8a81dd5,-,-,0.08888966191070836
0,382.01498935212885,f5bd22f4-0fbb-42c7-b35f-8112e8a81dd5,0.08888950137639268,2,-
0,383.14377065137165,f5bd22f4-0fbb-42c7-b35f-8112e8a81dd5,-,-,0.08921619726576656
0,383.14377065350004,f5bd22f4-0fbb-42c7-b35f-8112e8a81dd5,0.08921603874208225,2,-
0,384.27255195487055,f5bd22f4-0fbb-42c7-b35f-8112e8a81dd5,-,-,0.08954257655933232
0,384.2725519569717,f5bd22f4-0fbb-42c7-b35f-8112e8a81dd5,0.08954242001264165,2,-
0,385.4013332604427,f5bd22f4-0fbb-42c7-b35f-8112e8a81dd5,-,-,0.08986880173045443
0,385.4013332625171,f5bd22f4-0fbb-42c7-b35f-8112e8a81dd5,0.08986864713335932,2,-
0,386.5301145680618,f5bd22f4-0fbb-42c7-b35f-8112e8a81dd5,-,-,0.09019487469705076
0,386.53011457010996,f5bd22f4-0fbb-42c7-b35f-8112e8a81dd5,0.09019472201675957,2,-
0,387.6588958777021,f5bd22f4-0fbb-42c7-b35f-8112e8a81dd5,-,-,0.09052079733888113
0,387.65889587972447,f5bd22f4-0fbb-42c7-b35f-8112e8a81dd5,0.09052064654838773,2,-
0,388.7876771893383,f5bd22f4-0fbb-42c7-b35f-8112e8a81dd5,-,-,0.09084657151451182
0,388.7876771913354,f5bd22f4-0fbb-42c7-b35f-8112e8a81dd5,0.09084642258331843,2,-
0,389.91645850294555,f5bd22f4-0fbb-42c7-b35f-8112e8a81dd5,-,-,0.09117219904854633
0,389.9164585049178,f5bd22f4-0fbb-42c7-b35f-8112e8a81dd5,0.09117205194856151,2,-
0,391.04523981849957,f5bd22f4-0fbb-42c7-b35f-8112e8a81dd5,-,-,0.09149768173992959
0,391.0452398204474,f5bd22f4-0fbb-42c7-b35f-8112e8a81dd5,0.09149753644272593,2,-
0,392.1740211359764,f5bd22f4-0fbb-42c7-b35f-8112e8a81dd5,-,-,0.09182302135886936
0,392.17402113790024,f5bd22f4-0fbb-42c7-b35f-8112e8a81dd5,0.09182287783822365,2,-
0,393.3028024553525,f5bd22f4-0fbb-42c7-b35f-8112e8a81dd5,-,-,0.0921482196515804
0,393.30280245725294,f5bd22f4-0fbb-42c7-b35f-8112e8a81dd5,0.09214807787913847,2,-
0,394.431583776605,f5bd22f4-0fbb-42c7-b35f-8112e8a81dd5,-,-,0.09247327833381812
0,394.4315837784824,f5bd22f4-0fbb-42c7-b35f-8112e8a81dd5,0.09247313828682793,2,-
0,395.56036509971113,f5bd22f4-0fbb-42c7-b35f-8112e8a81dd5,-,-,0.09279819910421369
0,395.5603651015659,f5bd22f4-0fbb-42c7-b35f-8112e8a81dd5,0.09279806075252008,2,-
0,396.68914642464875,f5bd22f4-0fbb-42c7-b35f-8112e8a81dd5,-,-,0.09312298362386537
0,396.6891464264813,f5bd22f4-0fbb-42c7-b35f-8112e8a81dd5,0.09312284694242336,2,-
0,397.81792775139604,f5bd22f4-0fbb-42c7-b35f-8112e8a81dd5,-,-,0.09344763353396181
0,397.8179277532067,f5bd22f4-0fbb-42c7-b35f-8112e8a81dd5,0.09344749850345228,2,-
0,398.9467090799314,f5bd22f4-0fbb-42c7-b35f-8112e8a81dd5,-,-,0.09377215046212342
0,398.94670908172054,f5bd22f4-0fbb-42c7-b35f-8112e8a81dd5,0.0937720170510963,2,-
0,400.0754904102339,f5bd22f4-0fbb-42c7-b35f-8112e8a81dd5,-,-,0.09409653599241445
0,400.07549041200195,f5bd22f4-0fbb-42c7-b35f-8112e8a81dd5,0.09409640418099725,2,-
0,401.20427174228286,f5bd22f4-0fbb-42c7-b35f-8112e8a81dd5,-,-,0.09442079170062886
0,401.20427174403034,f5bd22f4-0fbb-42c7-b35f-8112e8a81dd5,0.09442066146353248,2,-
0,402.3330530760581,f5bd22f4-0fbb-42c7-b35f-8112e8a81dd5,-,-,0.09474491913187935
0,402.33305307778517,f5bd22f4-0fbb-42c7-b35f-8112e8a81dd5,0.09474479044785654,2,-
0,403.4618344115395,f5bd22f4-0fbb-42c7-b35f-8112e8a81dd5,-,-,0.09506891981409765
0,403.4618344132466,f5bd22f4-0fbb-42c7-b35f-8112e8a81dd5,0.09506879265866251,2,-
0,404.59061574870753,f5bd22f4-0fbb-42c7-b35f-8112e8a81dd5,-,-,0.09539279524751505
0,404.5906157503951,f5bd22f4-0fbb-42c7-b35f-8112e8a81dd5,0.09539266959970215,2,-
0,405.7193970875431,f5bd22f4-0fbb-42c7-b35f-8112e8a81dd5,-,-,0.09571654691494187
0,405.7193970892114,f5bd22f4-0fbb-42c7-b35f-8112e8a81dd5,0.09571642275134136,2,-
0,406.84817842802715,f5bd22f4-0fbb-42c7-b35f-8112e8a81dd5,-,-,0.09604017627335802
0,406.8481784296765,f5bd22f4-0fbb-42c7-b35f-8112e8a81dd5,0.0960400535735906,2,-
0,407.97695977014115,f5bd22f4-0fbb-42c7-b35f-8112e8a81dd5,-,-,0.09636368476241847
0,407.976959771772,f5bd22f4-0fbb-42c7-b35f-8112e8a81dd5,0.09636356350470697,2,-
0,409.10574111386694,f5bd22f4-0fbb-42c7-b35f-8112e8a81dd5,-,-,0.09668707379862661
0,409.1057411154795,f5bd22f4-0fbb-42c7-b35f-8112e8a81dd5,0.09668695396447766,2,-
0,410.2345224591865,f5bd22f4-0fbb-42c7-b35f-8112e8a81dd5,-,-,0.0970103447832998
0,410.23452246078114,f5bd22f4-0fbb-42c7-b35f-8112e8a81dd5,0.09701022634917003,2,-
0,411.3633038060823,f5bd22f4-0fbb-42c7-b35f-8112e8a81dd5,-,-,0.09733349908918534
0,411.3633038076593,f5bd22f4-0fbb-42c7-b35f-8112e8a81dd5,0.0973333820372336,2,-
0,412.492085154537,f5bd22f4-0fbb-42c7-b35f-8112e8a81dd5,-,-,0.0976565380769148
0,412.4920851560967,f5bd22f4-0fbb-42c7-b35f-8112e8a81dd5,0.09765642238652462,2,-
0,413.62086650453364,f5bd22f4-0fbb-42c7-b35f-8112e8a81dd5,-,-,0.09797946308375106
0,413.62086650607637,f5bd22f4-0fbb-42c7-b35f-8112e8a81dd5,0.09797934873559774,2,-
0,414.74964785605556,f5bd22f4-0fbb-42c7-b35f-8112e8a81dd5,-,-,0.098302275428947
0,414.7496478575816,f5bd22f4-0fbb-42c7-b35f-8112e8a81dd5,0.09830216240416463,2,-
0,415.8784292090863,f5bd22f4-0fbb-42c7-b35f-8112e8a81dd5,-,-,0.0986249764133712
0,415.87842921059587,f5bd22f4-0fbb-42c7-b35f-8112e8a81dd5,0.09862486469385051,2,-
0,417.0072105636097,f5bd22f4-0fbb-42c7-b35f-8112e8a81dd5,-,-,0.09894756732056251
0,417.00721056510315,f5bd22f4-0fbb-42c7-b35f-8112e8a81dd5,0.09894745688793277,2,-
0,418.1359919196099,f5bd22f4-0fbb-42c7-b35f-8112e8a81dd5,-,-,0.09927004941545013
0,418.1359919210875,f5bd22f4-0fbb-42c7-b35f-8112e8a81dd5,0.09926994025056801,2,-
0,419.2647732770714,f5bd22f4-0fbb-42c7-b35f-8112e8a81dd5,-,-,0.0995924239430699
0,419.2647732785334,f5bd22f4-0fbb-42c7-b35f-8112e8a81dd5,0.09959231602906206,2,-
0,420.3935546359789,f5bd22f4-0fbb-42c7-b35f-8112e8a81dd5,-,-,0.09991469213387676
0,420.3935546374255,f5bd22f4-0fbb-42c7-b35f-8112e8a81dd5,0.09991458545514134,2,-
0,421.52233599631717,f5bd22f4-0fbb-42c7-b35f-8112e8a81dd5,-,-,0.10023685520401769
0,421.52233599774877,f5bd22f4-0fbb-42c7-b35f-8112e8a81dd5,0.10023674973831102,2,-
0,422.6511173580717,f5bd22f4-0fbb-42c7-b35f-8112e8a81dd5,-,-,0.10055891434077636
0,422.65111735948847,f5bd22f4-0fbb-42c7-b35f-8112e8a81dd5,0.10055881007794226,2,-
0,423.77989872122777,f5bd22f4-0fbb-42c7-b35f-8112e8a81dd5,-,-,0.10088087073339003
0,423.7798987226301,f5bd22f4-0fbb-42c7-b35f-8112e8a81dd5,0.10088076765042459,2,-
0,424.90868008577127,f5bd22f4-0fbb-42c7-b35f-8112e8a81dd5,-,-,0.10120272553526632
0,424.90868008715927,f5bd22f4-0fbb-42c7-b35f-8112e8a81dd5,0.1012026236217331,2,-
0,426.037461451688,f5bd22f4-0fbb-42c7-b35f-8112e8a81dd5,-,-,0.10152447990196596
0,426.037461453062,f5bd22f4-0fbb-42c7-b35f-8112e8a81dd5,0.10152437913637695,2,-
0,427.1662428189643,f5bd22f4-0fbb-42c7-b35f-8112e8a81dd5,-,-,0.10184613495653204
0,427.16624282032444,f5bd22f4-0fbb-42c7-b35f-8112e8a81dd5,0.10184603532782212,2,-
0,428.2950241875864,f5bd22f4-0fbb-42c7-b35f-8112e8a81dd5,-,-,0.10216769182138732
0,428.2950241889329,f5bd22f4-0fbb-42c7-b35f-8112e8a81dd5,0.10216759331240671,2,-
0,429.423805557541,f5bd22f4-0fbb-42c7-b35f-8112e8a81dd5,-,-,0.10248915159574198
0,429.42380555887416,f5bd22f4-0fbb-42c7-b35f-8112e8a81dd5,0.10248905419086406,2,-
0,430.55258692881506,f5bd22f4-0fbb-42c7-b35f-8112e8a81dd5,-,-,0.10281051536472438
0,430.55258693013513,f5bd22f4-0fbb-42c7-b35f-8112e8a81dd5,0.1028104190478476,2,-
0,431.6813683013957,f5bd22f4-0fbb-42c7-b35f-8112e8a81dd5,-,-,0.10313178419690812
0,431.6813683027028,f5bd22f4-0fbb-42c7-b35f-8112e8a81dd5,0.10313168895588459,2,-
0,432.81014967527017,f5bd22f4-0fbb-42c7-b35f-8112e8a81dd5,-,-,0.1034529591526941
0,432.81014967656466,f5bd22f4-0fbb-42c7-b35f-8112e8a81dd5,0.10345286497177802,2,-
0,433.9389310504261,f5bd22f4-0fbb-42c7-b35f-8112e8a81dd5,-,-,0.1037740412731611
0,433.9389310517081,f5bd22f4-0fbb-42c7-b35f-8112e8a81dd5,0.10377394813753114,2,-
0,435.0677124268512,f5bd22f4-0fbb-42c7-b35f-8112e8a81dd5,-,-,0.1040950315855125
0,435.0677124281209,f5bd22f4-0fbb-42c7-b35f-8112e8a81dd5,0.10409493948255982,2,-
0,436.19649380453336,f5bd22f4-0fbb-42c7-b35f-8112e8a81dd5,-,-,0.10441593110657679
0,436.196493805791,f5bd22f4-0fbb-42c7-b35f-8112e8a81dd5,0.10441584002044695,2,-
0,437.3252751834608,f5bd22f4-0fbb-42c7-b35f-8112e8a81dd5,-,-,0.10473674083410374
0,437.3252751847066,f5bd22f4-0fbb-42c7-b35f-8112e8a81dd5,0.1047366507549529,2,-
0,438.4540565636218,f5bd22f4-0fbb-42c7-b35f-8112e8a81dd5,-,-,0.10505746176203122
0,438.45405656485605,f5bd22f4-0fbb-42c7-b35f-8112e8a81dd5,0.10505737267167096,2,-
0,439.5828379450051,f5bd22f4-0fbb-42c7-b35f-8112e8a81dd5,-,-,0.10537809485778532
0,439.58283794622787,f5bd22f4-0fbb-42c7-b35f-8112e8a81dd5,0.10537800674664016,2,-
0,440.71161932759924,f5bd22f4-0fbb-42c7-b35f-8112e8a81dd5,-,-,0.1056986410878508
0,440.7116193288106,f5bd22f4-0fbb-42c7-b35f-8112e8a81dd5,0.10569855394219396,2,-
0,441.8404007113931,f5bd22f4-0fbb-42c7-b35f-8112e8a81dd5,-,-,0.10601910140085556
0,441.8404007125934,f5bd22f4-0fbb-42c7-b35f-8112e8a81dd5,0.10601901520679767,2,-
0,442.96918209637585,f5bd22f4-0fbb-42c7-b35f-8112e8a81dd5,-,-,0.1063394767313966
0,442.96918209756535,f5bd22f4-0fbb-42c7-b35f-8112e8a81dd5,0.10633939147719136,2,-
0,444.0979634825369,f5bd22f4-0fbb-42c7-b35f-8112e8a81dd5,-,-,0.10665976800448874
0,444.0979634837156,f5bd22f4-0fbb-42c7-b35f-8112e8a81dd5,0.10665968367935888,2,-
0,445.2267448698655,f5bd22f4-0fbb-42c7-b35f-8112e8a81dd5,-,-,0.1069799761353596
0,445.22674487103365,f5bd22f4-0fbb-42c7-b35f-8112e8a81dd5,0.10697989272431457,2,-
0,446.3555262583514,f5bd22f4-0fbb-42c7-b35f-8112e8a81dd5,-,-,0.10730010202005397
0,446.3555262595092,f5bd22f4-0fbb-42c7-b35f-8112e8a81dd5,0.1073000195127142,2,-
0,447.4843076479844,f5bd22f4-0fbb-42c7-b35f-8112e8a81dd5,-,-,0.10762014654886891
0,447.4843076491319,f5bd22f4-0fbb-42c7-b35f-8112e8a81dd5,0.10762006493393989,2,-
0,448.61308903875437,f5bd22f4-0fbb-42c7-b35f-8112e8a81dd5,-,-,0.10794011059991296
0,448.6130890398919,f5bd22f4-0fbb-42c7-b35f-8112e8a81dd5,0.10794002986447651,2,-
0,449.7418704306516,f5bd22f4-0fbb-42c7-b35f-8112e8a81dd5,-,-,0.10825999503677368
0,449.74187043177926,f5bd22f4-0fbb-42c7-b35f-8112e8a81dd5,0.10825991517089709,2,-
0,450.8706518236663,f5bd22f4-0fbb-42c7-b35f-8112e8a81dd5,-,-,0.10857980071611215
0,450.8706518247843,f5bd22f4-0fbb-42c7-b35f-8112e8a81dd5,0.10857972170697788,2,-
0,451.99943321778903,f5bd22f4-0fbb-42c7-b35f-8112e8a81dd5,-,-,0.10889952847890788
0,451.9994332188974,f5bd22f4-0fbb-42c7-b35f-8112e8a81dd5,0.10889945031740143,2,-
0,453.12821461301024,f5bd22f4-0fbb-42c7-b35f-8112e8a81dd5,-,-,0.10921917916074965
0,453.1282146141092,f5bd22f4-0fbb-42c7-b35f-8112e8a81dd5,0.10921910183445505,2,-
0,454.25699600932074,f5bd22f4-0fbb-42c7-b35f-8112e8a81dd5,-,-,0.10953875358152948
0,454.25699601041055,f5bd22f4-0fbb-42c7-b35f-8112e8a81dd5,0.1095386770807088,2,-
0,455.38577740671155,f5bd22f4-0fbb-42c7-b35f-8112e8a81dd5,-,-,0.10985825255410019
0,455.38577740779226,f5bd22f4-0fbb-42c7-b35f-8112e8a81dd5,0.10985817686640777,2,-
0,456.5145588051737,f5bd22f4-0fbb-42c7-b35f-8112e8a81dd5,-,-,0.1101776768763818
0,456.51455880624536,f5bd22f4-0fbb-42c7-b35f-8112e8a81dd5,0.11017760199417621,2,-
0,457.64334020469823,f5bd22f4-0fbb-42c7-b35f-8112e8a81dd5,-,-,0.11049702734337774
0,457.6433402057612,f5bd22f4-0fbb-42c7-b35f-8112e8a81dd5,0.11049695325370051,2,-
0,458.77212160527677,f5bd22f4-0fbb-42c7-b35f-8112e8a81dd5,-,-,0.11081630473183647
0,458.772121606331,f5bd22f4-0fbb-42c7-b35f-8112e8a81dd5,0.11081623142682433,2,-
0,459.90090300690053,f5bd22f4-0fbb-42c7-b35f-8112e8a81dd5,-,-,0.11113550981575891
0,459.90090300794634,f5bd22f4-0fbb-42c7-b35f-8112e8a81dd5,0.11113543728467475,2,-
0,461.02968440956136,f5bd22f4-0fbb-42c7-b35f-8112e8a81dd5,-,-,0.1114546433555555
0,461.02968441059875,f5bd22f4-0fbb-42c7-b35f-8112e8a81dd5,0.11145457158869536,2,-
0,462.1584658132509,f5bd22f4-0fbb-42c7-b35f-8112e8a81dd5,-,-,0.11177370610298633
0,462.15846581428013,f5bd22f4-0fbb-42c7-b35f-8112e8a81dd5,0.11177363508962757,2,-
0,463.2872472179612,f5bd22f4-0fbb-42c7-b35f-8112e8a81dd5,-,-,0.1120926987980906
0,463.28724721898226,f5bd22f4-0fbb-42c7-b35f-8112e8a81dd5,0.11209262853036078,2,-
0,464.4160286236841,f5bd22f4-0fbb-42c7-b35f-8112e8a81dd5,-,-,0.11241162217590567
0,464.4160286246972,f5bd22f4-0fbb-42c7-b35f-8112e8a81dd5,0.11241155264350104,2,-
0,465.54481003041184,f5bd22f4-0fbb-42c7-b35f-8112e8a81dd5,-,-,0.11273047695875418
0,465.544810031417,f5bd22f4-0fbb-42c7-b35f-8112e8a81dd5,0.11273040815288139,2,-
0,466.6735914381366,f5bd22f4-0fbb-42c7-b35f-8112e8a81dd5,-,-,0.1130492638616962
0,466.67359143913416,f5bd22f4-0fbb-42c7-b35f-8112e8a81dd5,0.11304919577263503,2,-
0,467.80237284685103,f5bd22f4-0fbb-42c7-b35f-8112e8a81dd5,-,-,0.1133679835891649
0,467.80237284784096,f5bd22f4-0fbb-42c7-b35f-8112e8a81dd5,0.11336791620881015,2,-
0,468.9311542565475,f5bd22f4-0fbb-42c7-b35f-8112e8a81dd5,-,-,0.11368663683912363
0,468.9311542575299,f5bd22f4-0fbb-42c7-b35f-8112e8a81dd5,0.1136865701591712,2,-
0,470.05993566721855,f5bd22f4-0fbb-42c7-b35f-8112e8a81dd5,-,-,0.11400522430105293
0,470.05993566819365,f5bd22f4-0fbb-42c7-b35f-8112e8a81dd5,0.11400515831091985,2,-
0,471.1887170788571,f5bd22f4-0fbb-42c7-b35f-8112e8a81dd5,-,-,0.11432374665159169
0,471.188717079825,f5bd22f4-0fbb-42c7-b35f-8112e8a81dd5,0.11432368134365152,2,-
0,472.31749849145604,f5bd22f4-0fbb-42c7-b35f-8112e8a81dd5,-,-,0.11464220456272908
0,472.31749849241675,f5bd22f4-0fbb-42c7-b35f-8112e8a81dd5,0.11464213992965198,2,-
0,473.4462799050082,f5bd22f4-0fbb-42c7-b35f-8112e8a81dd5,-,-,0.11496059869944117
0,473.44627990596194,f5bd22f4-0fbb-42c7-b35f-8112e8a81dd5,0.11496053473150704,2,-
0,474.57506131950686,f5bd22f4-0fbb-42c7-b35f-8112e8a81dd5,-,-,0.11527892971461377
0,474.5750613204537,f5bd22f4-0fbb-42c7-b35f-8112e8a81dd5,0.11527886640304866,2,-
0,475.70384273494517,f5bd22f4-0fbb-42c7-b35f-8112e8a81dd5,-,-,0.11559719825332494
0,475.7038427358852,f5bd22f4-0fbb-42c7-b35f-8112e8a81dd5,0.11559713559280684,2,-
0,476.8326241513164,f5bd22f4-0fbb-42c7-b35f-8112e8a81dd5,-,-,0.11591540495880277
0,476.83262415224976,f5bd22f4-0fbb-42c7-b35f-8112e8a81dd5,0.11591534293901426,2,-
0,477.96140556861405,f5bd22f4-0fbb-42c7-b35f-8112e8a81dd5,-,-,0.11623355045898254
0,477.9614055695408,f5bd22f4-0fbb-42c7-b35f-8112e8a81dd5,0.11623348907128404,2,-
0,479.0901869868316,f5bd22f4-0fbb-42c7-b35f-8112e8a81dd5,-,-,0.11655163537485773
0,479.0901869877518,f5bd22f4-0fbb-42c7-b35f-8112e8a81dd5,0.11655157461605274,2,-
0,480.21896840596264,f5bd22f4-0fbb-42c7-b35f-8112e8a81dd5,-,-,0.1168696603296884
0,480.2189684068766,f5bd22f4-0fbb-42c7-b35f-8112e8a81dd5,0.11686960018567236,2,-
0,481.3477498260012,f5bd22f4-0fbb-42c7-b35f-8112e8a81dd5,-,-,0.11718762592174183
0,481.34774982690874,f5bd22f4-0fbb-42c7-b35f-8112e8a81dd5,0.11718756639075749,2,-
0,482.4765312469406,f5bd22f4-0fbb-42c7-b35f-8112e8a81dd5,-,-,0.11750553275989532
0,482.47653124784216,f5bd22f4-0fbb-42c7-b35f-8112e8a81dd5,0.11750547383014821,2,-
0,483.6053126687753,f5bd22f4-0fbb-42c7-b35f-8112e8a81dd5,-,-,0.11782338143121429
0,483.60531266967064,f5bd22f4-0fbb-42c7-b35f-8112e8a81dd5,0.11782332309901479,2,-
0,484.73409409149895,f5bd22f4-0fbb-42c7-b35f-8112e8a81dd5,-,-,0.11814117252719926
0,484.7340940923884,f5bd22f4-0fbb-42c7-b35f-8112e8a81dd5,0.11814111478377096,2,-
0,485.8628755151059,f5bd22f4-0fbb-42c7-b35f-8112e8a81dd5,-,-,0.11845890662550727
0,485.8628755159894,f5bd22f4-0fbb-42c7-b35f-8112e8a81dd5,0.11845884946248675,2,-
0,486.9916569395902,f5bd22f4-0fbb-42c7-b35f-8112e8a81dd5,-,-,0.11877658429586478
0,486.991656940468,f5bd22f4-0fbb-42c7-b35f-8112e8a81dd5,0.11877652770862394,2,-
0,488.12043836494627,f5bd22f4-0fbb-42c7-b35f-8112e8a81dd5,-,-,0.11909420610712514
0,488.12043836581836,f5bd22f4-0fbb-42c7-b35f-8112e8a81dd5,0.1190941500863509,2,-
0,489.2492197911685,f5bd22f4-0fbb-42c7-b35f-8112e8a81dd5,-,-,0.11941177261416329
0,489.249219792035,f5bd22f4-0fbb-42c7-b35f-8112e8a81dd5,0.11941171715564435,2,-
0,490.3780012182513,f5bd22f4-0fbb-42c7-b35f-8112e8a81dd5,-,-,0.11972928437276434
0,490.3780012191122,f5bd22f4-0fbb-42c7-b35f-8112e8a81dd5,0.11972922946692074,2,-
0,491.50678264618927,f5bd22f4-0fbb-42c7-b35f-8112e8a81dd5,-,-,0.12004674192378448
0,491.5067826470447,f5bd22f4-0fbb-42c7-b35f-8112e8a81dd5,0.12004668756715452,2,-
0,492.63556407497697,f5bd22f4-0fbb-42c7-b35f-8112e8a81dd5,-,-,0.12036414581075597
0,492.63556407582706,f5bd22f4-0fbb-42c7-b35f-8112e8a81dd5,0.12036409199340899,2,-
0,493.76434550460925,f5bd22f4-0fbb-42c7-b35f-8112e8a81dd5,-,-,0.12068149656083098
0,493.76434550545406,f5bd22f4-0fbb-42c7-b35f-8112e8a81dd5,0.12068144327966347,2,-
0,494.8931269350809,f5bd22f4-0fbb-42c7-b35f-8112e8a81dd5,-,-,0.1209987947049049
0,494.8931269359205,f5bd22f4-0fbb-42c7-b35f-8112e8a81dd5,0.12099874195045897,2,-
0,496.0219083663868,f5bd22f4-0fbb-42c7-b35f-8112e8a81dd5,-,-,0.12131604075808022
0,496.02190836722133,f5bd22f4-0fbb-42c7-b35f-8112e8a81dd5,0.12131598852709156,2,-
0,497.15068979852197,f5bd22f4-0fbb-42c7-b35f-8112e8a81dd5,-,-,0.12163323523840827
0,497.1506897993515,f5bd22f4-0fbb-42c7-b35f-8112e8a81dd5,0.12163318352197239,2,-
0,498.27947123148147,f5bd22f4-0fbb-42c7-b35f-8112e8a81dd5,-,-,0.121950378649415
0,498.27947123230604,f5bd22f4-0fbb-42c7-b35f-8112e8a81dd5,0.12195032744299371,2,-
0,499.4082526652604,f5bd22f4-0fbb-42c7-b35f-8112e8a81dd5,-,-,0.12226747149447388
0,499.4082526660801,f5bd22f4-0fbb-42c7-b35f-8112e8a81dd5,0.12226742079272648,2,-
