Sweep step,Eigenmode,Job id,RPM
0,0,0922843f-7c1a-40c4-86a3-67129ee399c0-00,0
0,1,0922843f-7c1a-40c4-86a3-67129ee399c0-00,0
0,2,0922843f-7c1a-40c4-86a3-67129ee399c0-00,0
0,3,0922843f-7c1a-40c4-86a3-67129ee399c0-00,0
0,4,0922843f-7c1a-40c4-86a3-67129ee399c0-00,0
0,5,0922843f-7c1a-40c4-86a3-67129ee399c0-00,0
1,0,0922843f-7c1a-40c4-86a3-67129ee399c0-01,187.5
1,1,0922843f-7c1a-40c4-86a3-67129ee399c0-01,187.5
1,2,0922843f-7c1a-40c4-86a3-67129ee399c0-01,187.5
1,3,0922843f-7c1a-40c4-86a3-67129ee399c0-01,187.5
1,4,0922843f-7c1a-40c4-86a3-67129ee399c0-01,187.5
1,5,0922843f-7c1a-40c4-86a3-67129ee399c0-01,187.5
2,0,0922843f-7c1a-40c4-86a3-67129ee399c0-02,375
2,1,0922843f-7c1a-40c4-86a3-67129ee399c0-02,375
2,2,0922843f-7c1a-40c4-86a3-67129ee399c0-02,375
2,3,0922843f-7c1a-40c4-86a3-67129ee399c0-02,375
2,4,0922843f-7c1a-40c4-86a3-67129ee399c0-02,375
2,5,0922843f-7c1a-40c4-86a3-67129ee399c0-02,375
3,0,0922843f-7c1a-40c4-86a3-67129ee399c0-03,562.5
3,1,0922843f-7c1a-40c4-86a3-67129ee399c0-03,562.5
3,2,0922843f-7c1a-40c4-86a3-67129ee399c0-03,562.5
3,3,0922843f-7c1a-40c4-86a3-67129ee399c0-03,562.5
3,4,0922843f-7c1a-40c4-86a3-67129ee399c0-03,562.5
3,5,0922843f-7c1a-40c4-86a3-67129ee399c0-03,562.5
4,0,0922843f-7c1a-40c4-86a3-67129ee399c0-04,750
4,1,0922843f-7c1a-40c4-86a3-67129ee399c0-04,750
4,2,0922843f-7c1a-40c4-86a3-67129ee399c0-04,750
4,3,0922843f-7c1a-40c4-86a3-67129ee399c0-04,750
4,4,0922843f-7c1a-40c4-86a3-67129ee399c0-04,750
5,0,0922843f-7c1a-40c4-86a3-67129ee399c0-05,937.5
5,1,0922843f-7c1a-40c4-86a3-67129ee399c0-05,937.5
5,2,0922843f-7c1a-40c4-86a3-67129ee399c0-05,937.5
5,3,0922843f-7c1a-40c4-86a3-67129ee399c0-05,937.5
5,4,0922843f-7c1a-40c4-86a3-67129ee399c0-05,937.5
6,0,0922843f-7c1a-40c4-86a3-67129ee399c0-06,1125
6,1,0922843f-7c1a-40c4-86a3-67129ee399c0-06,1125
6,2,0922843f-7c1a-40c4-86a3-67129ee399c0-06,1125
6,3,0922843f-7c1a-40c4-86a3-67129ee399c0-06,1125
6,4,0922843f-7c1a-40c4-86a3-67129ee399c0-06,1125
7,0,0922843f-7c1a-40c4-86a3-67129ee399c0-07,1312.5
7,1,0922843f-7c1a-40c4-86a3-67129ee399c0-07,1312.5
7,2,0922843f-7c1a-40c4-86a3-67129ee399c0-07,1312.5
7,3,0922843f-7c1a-40c4-86a3-67129ee399c0-07,1312.5
7,4,0922843f-7c1a-40c4-86a3-67129ee399c0-07,1312.5
8,0,0922843f-7c1a-40c4-86a3-67129ee399c0-08,1500
8,1,0922843f-7c1a-40c4-86a3-67129ee399c0-08,1500
8,2,0922843f-7c1a-40c4-86a3-67129ee399c0-08,1500
8,3,0922843f-7c1a-40c4-86a3-67129ee399c0-08,1500
8,4,0922843f-7c1a-40c4-86a3-67129ee399c0-08,1500
9,0,0922843f-7c1a-40c4-86a3-67129ee399c0-09,1687.5
9,1,0922843f-7c1a-40c4-86a3-67129ee399c0-09,1687.5
9,2,0922843f-7c1a-40c4-86a3-67129ee399c0-09,1687.5
9,3,0922843f-7c1a-40c4-86a3-67129ee399c0-09,1687.5
9,4,0922843f-7c1a-40c4-86a3-67129ee399c0-09,1687.5
10,0,0922843f-7c1a-40c4-86a3-67129ee399c0-10,1875
10,1,0922843f-7c1a-40c4-86a3-67129ee399c0-10,1875
10,2,0922843f-7c1a-40c4-86a3-67129ee399c0-10,1875
10,3,0922843f-7c1a-40c4-86a3-67129ee399c0-10,1875
10,4,0922843f-7c1a-40c4-86a3-67129ee399c0-10,1875
11,0,0922843f-7c1a-40c4-86a3-67129ee399c0-11,2062.5
11,1,0922843f-7c1a-40c4-86a3-67129ee399c0-11,2062.5
11,2,0922843f-7c1a-40c4-86a3-67129ee399c0-11,2062.5
11,3,0922843f-7c1a-40c4-86a3-67129ee399c0-11,2062.5
11,4,0922843f-7c1a-40c4-86a3-67129ee399c0-11,2062.5
12,0,0922843f-7c1a-40c4-86a3-67129ee399c0-12,2250
12,1,0922843f-7c1a-40c4-86a3-67129ee399c0-12,2250
12,2,0922843f-7c1a-40c4-86a3-67129ee399c0-12,2250
12,3,0922843f-7c1a-40c4-86a3-67129ee399c0-12,2250
12,4,0922843f-7c1a-40c4-86a3-67129ee399c0-12,2250
13,0,0922843f-7c1a-40c4-86a3-67129ee399c0-13,2437.5
13,1,0922843f-7c1a-40c4-86a3-67129ee399c0-13,2437.5
13,2,0922843f-7c1a-40c4-86a3-67129ee399c0-13,2437.5
13,3,0922843f-7c1a-40c4-86a3-67129ee399c0-13,2437.5
13,4,0922843f-7c1a-40c4-86a3-67129ee399c0-13,2437.5
14,0,0922843f-7c1a-40c4-86a3-67129ee399c0-14,2625
14,1,0922843f-7c1a-40c4-86a3-67129ee399c0-14,2625
14,2,0922843f-7c1a-40c4-86a3-67129ee399c0-14,2625
14,3,0922843f-7c1a-40c4-86a3-67129ee399c0-14,2625
14,4,0922843f-7c1a-40c4-86a3-67129ee399c0-14,2625
15,0,0922843f-7c1a-40c4-86a3-67129ee399c0-15,2812.5
15,1,0922843f-7c1a-40c4-86a3-67129ee399c0-15,2812.5
15,2,0922843f-7c1a-40c4-86a3-67129ee399c0-15,2812.5
15,3,0922843f-7c1a-40c4-86a3-67129ee399c0-15,2812.5
15,4,0922843f-7c1a-40c4-86a3-67129ee399c0-15,2812.5
16,0,0922843f-7c1a-40c4-86a3-67129ee399c0-16,3000
16,1,0922843f-7c1a-40c4-86a3-67129ee399c0-16,3000
16,2,0922843f-7c1a-40c4-86a3-67129ee399c0-16,3000
16,3,0922843f-7c1a-40c4-86a3-67129ee399c0-16,3000
16,4,0922843f-7c1a-40c4-86a3-67129ee399c0-16,3000
